,Nom altitude (km),Duty cycle,Thrust level (N),Days of safe hold mode,Final altitude (km),Change in mean semi major axis,Drag at lowest point (mN),Total impulse (Ns),Total firing time (hr),Total duty cycles,Total maneuver time (hr)
0,200,0.001,0.5,2,106.03071430352884,93.96928569647116,540.032671045966,LOSS,LOSS,LOSS,LOSS
1,200,0.101,0.5,2,106.03071430352884,93.96928569647116,540.032671045966,LOSS,LOSS,LOSS,LOSS
2,200,0.201,0.5,2,106.03071430352884,93.96928569647116,540.032671045966,LOSS,LOSS,LOSS,LOSS
3,200,0.30100000000000005,0.5,2,106.03071430352884,93.96928569647116,540.032671045966,LOSS,LOSS,LOSS,LOSS
4,200,0.401,0.5,2,106.03071430352884,93.96928569647116,540.032671045966,LOSS,LOSS,LOSS,LOSS
5,200,0.501,0.5,2,106.03071430352884,93.96928569647116,540.032671045966,LOSS,LOSS,LOSS,LOSS
6,200,0.6010000000000001,0.5,2,106.03071430352884,93.96928569647116,540.032671045966,LOSS,LOSS,LOSS,LOSS
7,200,0.7010000000000001,0.5,2,106.03071430352884,93.96928569647116,540.032671045966,LOSS,LOSS,LOSS,LOSS
8,200,0.801,0.5,2,106.03071430352884,93.96928569647116,540.032671045966,LOSS,LOSS,LOSS,LOSS
9,200,0.901,0.5,2,106.03071430352884,93.96928569647116,540.032671045966,LOSS,LOSS,LOSS,LOSS
10,200,0.001,0.75,2,106.03071430352884,93.96928569647116,540.032671045966,LOSS,LOSS,LOSS,LOSS
11,200,0.101,0.75,2,106.03071430352884,93.96928569647116,540.032671045966,LOSS,LOSS,LOSS,LOSS
12,200,0.201,0.75,2,106.03071430352884,93.96928569647116,540.032671045966,LOSS,LOSS,LOSS,LOSS
13,200,0.30100000000000005,0.75,2,106.03071430352884,93.96928569647116,540.032671045966,LOSS,LOSS,LOSS,LOSS
14,200,0.401,0.75,2,106.03071430352884,93.96928569647116,540.032671045966,LOSS,LOSS,LOSS,LOSS
15,200,0.501,0.75,2,106.03071430352884,93.96928569647116,540.032671045966,LOSS,LOSS,LOSS,LOSS
16,200,0.6010000000000001,0.75,2,106.03071430352884,93.96928569647116,540.032671045966,LOSS,LOSS,LOSS,LOSS
17,200,0.7010000000000001,0.75,2,106.03071430352884,93.96928569647116,540.032671045966,LOSS,LOSS,LOSS,LOSS
18,200,0.801,0.75,2,106.03071430352884,93.96928569647116,540.032671045966,55666.81354256857,20.61733834909947,2.0,25.73949856317038
19,200,0.901,0.75,2,106.03071430352884,93.96928569647116,540.032671045966,28013.410898656042,10.375337369872607,2.0,11.515357791201563
20,200,0.001,1.0,2,106.03071430352884,93.96928569647116,540.032671045966,LOSS,LOSS,LOSS,LOSS
21,200,0.101,1.0,2,106.03071430352884,93.96928569647116,540.032671045966,LOSS,LOSS,LOSS,LOSS
22,200,0.201,1.0,2,106.03071430352884,93.96928569647116,540.032671045966,LOSS,LOSS,LOSS,LOSS
23,200,0.30100000000000005,1.0,2,106.03071430352884,93.96928569647116,540.032671045966,LOSS,LOSS,LOSS,LOSS
24,200,0.401,1.0,2,106.03071430352884,93.96928569647116,540.032671045966,LOSS,LOSS,LOSS,LOSS
25,200,0.501,1.0,2,106.03071430352884,93.96928569647116,540.032671045966,LOSS,LOSS,LOSS,LOSS
26,200,0.6010000000000001,1.0,2,106.03071430352884,93.96928569647116,540.032671045966,55461.619164546144,15.40600532348504,2.0,25.63395228533284
27,200,0.7010000000000001,1.0,2,106.03071430352884,93.96928569647116,540.032671045966,24501.660691334284,6.806016858703968,2.0,9.709011210704663
28,200,0.801,1.0,2,106.03071430352884,93.96928569647116,540.032671045966,17268.778398348066,4.7968828884300185,2.0,5.988617838239722
29,200,0.901,1.0,2,106.03071430352884,93.96928569647116,540.032671045966,14043.395794569042,3.9009432762691785,2.0,4.329570783872562
30,200,0.001,1.25,2,106.03071430352884,93.96928569647116,540.032671045966,LOSS,LOSS,LOSS,LOSS
31,200,0.101,1.25,2,106.03071430352884,93.96928569647116,540.032671045966,LOSS,LOSS,LOSS,LOSS
32,200,0.201,1.25,2,106.03071430352884,93.96928569647116,540.032671045966,LOSS,LOSS,LOSS,LOSS
33,200,0.30100000000000005,1.25,2,106.03071430352884,93.96928569647116,540.032671045966,LOSS,LOSS,LOSS,LOSS
34,200,0.401,1.25,2,106.03071430352884,93.96928569647116,540.032671045966,LOSS,LOSS,LOSS,LOSS
35,200,0.501,1.25,2,106.03071430352884,93.96928569647116,540.032671045966,40866.591403816594,9.081464756403687,2.0,18.1266761604864
36,200,0.6010000000000001,1.25,2,106.03071430352884,93.96928569647116,540.032671045966,20011.063939882206,4.446903097751601,2.0,7.399173207573379
37,200,0.7010000000000001,1.25,2,106.03071430352884,93.96928569647116,540.032671045966,14663.0116028364,3.2584470228525335,2.0,4.648283912771089
38,200,0.801,1.25,2,106.03071430352884,93.96928569647116,540.032671045966,12213.83795123284,2.7141862113850754,2.0,3.3884971428028408
39,200,0.901,1.25,2,106.03071430352884,93.96928569647116,540.032671045966,10809.146239447367,2.4020324976549707,2.0,2.6659628164872036
40,200,0.001,1.5,2,106.03071430352884,93.96928569647116,540.032671045966,LOSS,LOSS,LOSS,LOSS
41,200,0.101,1.5,2,106.03071430352884,93.96928569647116,540.032671045966,LOSS,LOSS,LOSS,LOSS
42,200,0.201,1.5,2,106.03071430352884,93.96928569647116,540.032671045966,LOSS,LOSS,LOSS,LOSS
43,200,0.30100000000000005,1.5,2,106.03071430352884,93.96928569647116,540.032671045966,LOSS,LOSS,LOSS,LOSS
44,200,0.401,1.5,2,106.03071430352884,93.96928569647116,540.032671045966,55056.237809543156,10.195599594359845,3.0,25.425435397406094
45,200,0.501,1.5,2,106.03071430352884,93.96928569647116,540.032671045966,19994.057928780996,3.702603320144629,2.0,7.390425788711833
46,200,0.6010000000000001,1.5,2,106.03071430352884,93.96928569647116,540.032671045966,14031.75270243401,2.5984727226729647,2.0,4.32358190128613
47,200,0.7010000000000001,1.5,2,106.03071430352884,93.96928569647116,540.032671045966,11566.6240632251,2.141967419115759,2.0,3.0555883296943778
48,200,0.801,1.5,2,106.03071430352884,93.96928569647116,540.032671045966,10219.522814623811,1.8925042249303354,2.0,2.3626769349941767
49,200,0.901,1.5,2,106.03071430352884,93.96928569647116,540.032671045966,9370.445774959318,1.7352677361035775,2.0,1.9259353341882102
50,200,0.001,1.75,2,106.03071430352884,93.96928569647116,540.032671045966,LOSS,LOSS,LOSS,LOSS
51,200,0.101,1.75,2,106.03071430352884,93.96928569647116,540.032671045966,LOSS,LOSS,LOSS,LOSS
52,200,0.201,1.75,2,106.03071430352884,93.96928569647116,540.032671045966,LOSS,LOSS,LOSS,LOSS
53,200,0.30100000000000005,1.75,2,106.03071430352884,93.96928569647116,540.032671045966,LOSS,LOSS,LOSS,LOSS
54,200,0.401,1.75,2,106.03071430352884,93.96928569647116,540.032671045966,24414.1215581668,3.8752573901852063,3.0,9.663983516671339
55,200,0.501,1.75,2,106.03071430352884,93.96928569647116,540.032671045966,14649.592616255035,2.325332161310323,2.0,4.641381559501642
56,200,0.6010000000000001,1.75,2,106.03071430352884,93.96928569647116,540.032671045966,11563.721863728344,1.835511406941007,2.0,3.0540955190366166
57,200,0.7010000000000001,1.75,2,106.03071430352884,93.96928569647116,540.032671045966,10050.630357983464,1.5953381520608674,2.0,2.2758033552936765
58,200,0.801,1.75,2,106.03071430352884,93.96928569647116,540.032671045966,9152.104683998661,1.4527150292061366,2.0,1.8136267530663377
59,200,0.901,1.75,2,106.03071430352884,93.96928569647116,540.032671045966,8556.924943482501,1.3582420545210319,2.0,1.507482857404031
60,200,0.001,2.0,2,106.03071430352884,93.96928569647116,540.032671045966,LOSS,LOSS,LOSS,LOSS
61,200,0.101,2.0,2,106.03071430352884,93.96928569647116,540.032671045966,LOSS,LOSS,LOSS,LOSS
62,200,0.201,2.0,2,106.03071430352884,93.96928569647116,540.032671045966,LOSS,LOSS,LOSS,LOSS
63,200,0.30100000000000005,2.0,2,106.03071430352884,93.96928569647116,540.032671045966,54657.39831073827,7.59130532093587,4.0,25.220283458258702
64,200,0.401,2.0,2,106.03071430352884,93.96928569647116,540.032671045966,17224.335537935298,2.392268824713236,3.0,5.965757667614055
65,200,0.501,2.0,2,106.03071430352884,93.96928569647116,540.032671045966,12203.142979034463,1.6948809693103422,2.0,3.3829959467272297
66,200,0.6010000000000001,2.0,2,106.03071430352884,93.96928569647116,540.032671045966,10216.053367078006,1.4188963009830564,2.0,2.360892347725551
67,200,0.7010000000000001,2.0,2,106.03071430352884,93.96928569647116,540.032671045966,9151.082051353367,1.2709836182435232,2.0,1.8131007392917589
68,200,0.801,2.0,2,106.03071430352884,93.96928569647116,540.032671045966,8487.242215548571,1.1787836410484127,2.0,1.4716400013088795
69,200,0.901,2.0,2,106.03071430352884,93.96928569647116,540.032671045966,8033.816649772464,1.1158078680239534,2.0,1.2384105083506698
70,200,0.001,2.25,2,106.03071430352884,93.96928569647116,540.032671045966,LOSS,LOSS,LOSS,LOSS
71,200,0.101,2.25,2,106.03071430352884,93.96928569647116,540.032671045966,LOSS,LOSS,LOSS,LOSS
72,200,0.201,2.25,2,106.03071430352884,93.96928569647116,540.032671045966,LOSS,LOSS,LOSS,LOSS
73,200,0.30100000000000005,2.25,2,106.03071430352884,93.96928569647116,540.032671045966,27768.683682665516,3.4282325534154956,4.0,11.389476921646164
74,200,0.401,2.25,2,106.03071430352884,93.96928569647116,540.032671045966,14014.348334119206,1.7301664610023713,3.0,4.314629578559529
75,200,0.501,2.25,2,106.03071430352884,93.96928569647116,540.032671045966,10800.319958241156,1.33337283435076,2.0,2.6614228230554087
76,200,0.6010000000000001,2.25,2,106.03071430352884,93.96928569647116,540.032671045966,9366.988346131579,1.1564183143372317,2.0,1.9241569290136968
77,200,0.7010000000000001,2.25,2,106.03071430352884,93.96928569647116,540.032671045966,8555.512161466268,1.0562360693168231,2.0,1.5067561616502467
78,200,0.801,2.25,2,106.03071430352884,93.96928569647116,540.032671045966,8033.339787422849,0.9917703441262776,2.0,1.2381652236283116
79,200,0.901,2.25,2,106.03071430352884,93.96928569647116,540.032671045966,7669.165551072461,0.9468105618607977,2.0,1.0508441308110963
80,200,0.001,2.5,2,106.03071430352884,93.96928569647116,540.032671045966,LOSS,LOSS,LOSS,LOSS
81,200,0.101,2.5,2,106.03071430352884,93.96928569647116,540.032671045966,LOSS,LOSS,LOSS,LOSS
82,200,0.201,2.5,2,106.03071430352884,93.96928569647116,540.032671045966,LOSS,LOSS,LOSS,LOSS
83,200,0.30100000000000005,2.5,2,106.03071430352884,93.96928569647116,540.032671045966,19926.43408734346,2.214048231927051,4.0,7.355641966535052
84,200,0.401,2.5,2,106.03071430352884,93.96928569647116,540.032671045966,12196.032269150408,1.3551146965722676,3.0,3.3793383954420637
85,200,0.501,2.5,2,106.03071430352884,93.96928569647116,540.032671045966,9890.722594860968,1.0989691772067742,2.0,2.1935512519097293
86,200,0.6010000000000001,2.5,2,106.03071430352884,93.96928569647116,540.032671045966,8783.017039141841,0.9758907821268713,2.0,1.6237783396453767
87,200,0.7010000000000001,2.5,2,106.03071430352884,93.96928569647116,540.032671045966,8132.109588108439,0.9035677320120489,2.0,1.2889696605022092
88,200,0.801,2.5,2,106.03071430352884,93.96928569647116,540.032671045966,7703.739570269848,0.8559710633633164,2.0,1.0686280441489595
89,200,0.901,2.5,2,106.03071430352884,93.96928569647116,540.032671045966,7400.443476644525,0.8222714974049472,2.0,0.9126209738123721
90,200,0.001,2.75,2,106.03071430352884,93.96928569647116,540.032671045966,LOSS,LOSS,LOSS,LOSS
91,200,0.101,2.75,2,106.03071430352884,93.96928569647116,540.032671045966,LOSS,LOSS,LOSS,LOSS
92,200,0.201,2.75,2,106.03071430352884,93.96928569647116,540.032671045966,244538.974702188,24.700906535574546,5.0,122.89008226654
93,200,0.30100000000000005,2.75,2,106.03071430352884,93.96928569647116,540.032671045966,16186.33074920611,1.6349829039602133,4.0,5.431836890233265
94,200,0.401,2.75,2,106.03071430352884,93.96928569647116,540.032671045966,11025.59454783223,1.1136964189729526,3.0,2.7772978029250686
95,200,0.501,2.75,2,106.03071430352884,93.96928569647116,540.032671045966,9253.11929397825,0.9346585145432577,2.0,1.8655858573717716
96,200,0.6010000000000001,2.75,2,106.03071430352884,93.96928569647116,540.032671045966,8356.75279142418,0.8441164435781999,2.0,1.4045198728422625
97,200,0.7010000000000001,2.75,2,106.03071430352884,93.96928569647116,540.032671045966,7815.647094596537,0.7894593024844987,2.0,1.1261901604629083
98,200,0.801,2.75,2,106.03071430352884,93.96928569647116,540.032671045966,7453.530410557028,0.752881859652225,2.0,0.9399274152961612
99,200,0.901,2.75,2,106.03071430352884,93.96928569647116,540.032671045966,7194.196610917505,0.7266865263553034,2.0,0.8065333255885722
100,200,0.001,3.0,2,106.03071430352884,93.96928569647116,540.032671045966,LOSS,LOSS,LOSS,LOSS
101,200,0.101,3.0,2,106.03071430352884,93.96928569647116,540.032671045966,LOSS,LOSS,LOSS,LOSS
102,200,0.201,3.0,2,106.03071430352884,93.96928569647116,540.032671045966,53878.721524534,4.988770511530926,5.0,24.819753788711072
103,200,0.30100000000000005,3.0,2,106.03071430352884,93.96928569647116,540.032671045966,13997.015891155217,1.2960199899217795,4.0,4.305714252231825
104,200,0.401,3.0,2,106.03071430352884,93.96928569647116,540.032671045966,10209.130171617711,0.9452898307053436,3.0,2.3573312486417546
105,200,0.501,3.0,2,106.03071430352884,93.96928569647116,540.032671045966,8781.37793053489,0.813090549123601,2.0,1.6229352277916187
106,200,0.6010000000000001,3.0,2,106.03071430352884,93.96928569647116,540.032671045966,8031.910333092975,0.7436954012123125,2.0,1.2374299521003533
107,200,0.7010000000000001,3.0,2,106.03071430352884,93.96928569647116,540.032671045966,7570.152241879885,0.7009400223962857,2.0,0.9999144399376398
108,200,0.801,3.0,2,106.03071430352884,93.96928569647116,540.032671045966,7257.1111197847695,0.6719547333134046,2.0,0.8388947981440755
109,200,0.901,3.0,2,106.03071430352884,93.96928569647116,540.032671045966,7030.906572030282,0.6510098677805818,2.0,0.7225414736743414
110,200,0.001,3.25,2,106.03071430352884,93.96928569647116,540.032671045966,LOSS,LOSS,LOSS,LOSS
111,200,0.101,3.25,2,106.03071430352884,93.96928569647116,540.032671045966,LOSS,LOSS,LOSS,LOSS
112,200,0.201,3.25,2,106.03071430352884,93.96928569647116,540.032671045966,32462.48444739826,2.7745713202904496,5.0,13.803837414380347
113,200,0.30100000000000005,3.25,2,106.03071430352884,93.96928569647116,540.032671045966,12559.59253616997,1.073469447535895,4.0,3.566343679521245
114,200,0.401,3.25,2,106.03071430352884,93.96928569647116,540.032671045966,9607.153990600958,0.8211242727009367,3.0,2.0476914531195427
115,200,0.501,3.25,2,106.03071430352884,93.96928569647116,540.032671045966,8418.228121736362,0.719506677071484,2.0,1.43614107199897
116,200,0.6010000000000001,3.25,2,106.03071430352884,93.96928569647116,540.032671045966,7776.140873463803,0.6646274250823763,2.0,1.1058692597044528
117,200,0.7010000000000001,3.25,2,106.03071430352884,93.96928569647116,540.032671045966,7374.159798582292,0.6302700682548967,2.0,0.8991013812480694
118,200,0.801,3.25,2,106.03071430352884,93.96928569647116,540.032671045966,7098.819623331769,0.6067367199428862,2.0,0.7574740573569116
119,200,0.901,3.25,2,106.03071430352884,93.96928569647116,540.032671045966,6898.418655557487,0.5896084320989305,2.0,0.6543933763584133
120,200,0.001,3.5,2,106.03071430352884,93.96928569647116,540.032671045966,LOSS,LOSS,LOSS,LOSS
121,200,0.101,3.5,2,106.03071430352884,93.96928569647116,540.032671045966,LOSS,LOSS,LOSS,LOSS
122,200,0.201,3.5,2,106.03071430352884,93.96928569647116,540.032671045966,24212.98741565327,1.9216656679089896,5.0,9.56052571099
123,200,0.30100000000000005,3.5,2,106.03071430352884,93.96928569647116,540.032671045966,11543.485597491019,0.9161496505945252,4.0,3.0436865468256658
124,200,0.401,3.5,2,106.03071430352884,93.96928569647116,540.032671045966,9144.958690975589,0.7257903722996498,3.0,1.8099510531163336
125,200,0.501,3.5,2,106.03071430352884,93.96928569647116,540.032671045966,8130.044506862842,0.645241627528797,2.0,1.2879074401772392
126,200,0.6010000000000001,3.5,2,106.03071430352884,93.96928569647116,540.032671045966,7569.530562347175,0.6007563938370775,2.0,0.9995946652863182
127,200,0.7010000000000001,3.5,2,106.03071430352884,93.96928569647116,540.032671045966,7214.068334797821,0.572545105936335,2.0,0.8167547873556846
128,200,0.801,3.5,2,106.03071430352884,93.96928569647116,540.032671045966,6968.536370478521,0.5530584421014699,2.0,0.690459977654769
129,200,0.901,3.5,2,106.03071430352884,93.96928569647116,540.032671045966,6788.768524623369,0.5387911527478864,2.0,0.5979924003861113
130,200,0.001,3.75,2,106.03071430352884,93.96928569647116,540.032671045966,LOSS,LOSS,LOSS,LOSS
131,200,0.101,3.75,2,106.03071430352884,93.96928569647116,540.032671045966,LOSS,LOSS,LOSS,LOSS
132,200,0.201,3.75,2,106.03071430352884,93.96928569647116,540.032671045966,19842.794208956024,1.4698366080708165,5.0,7.312619940650828
133,200,0.30100000000000005,3.75,2,106.03071430352884,93.96928569647116,540.032671045966,10787.136757903325,0.7990471672520981,4.0,2.6546417516681
134,200,0.401,3.75,2,106.03071430352884,93.96928569647116,540.032671045966,8778.922456659822,0.650290552345172,3.0,1.6216722003620248
135,200,0.501,3.75,2,106.03071430352884,93.96928569647116,540.032671045966,7895.785640675604,0.5848730104204151,2.0,1.1674111984439421
136,200,0.6010000000000001,3.75,2,106.03071430352884,93.96928569647116,540.032671045966,7399.149329061278,0.5480851354860207,2.0,0.9119553003095184
137,200,0.7010000000000001,3.75,2,106.03071430352884,93.96928569647116,540.032671045966,7080.841232829391,0.5245067579873622,2.0,0.7482264735911016
138,200,0.801,3.75,2,106.03071430352884,93.96928569647116,540.032671045966,6859.431863317613,0.5081060639494528,2.0,0.6343396553676065
139,200,0.901,3.75,2,106.03071430352884,93.96928569647116,540.032671045966,6696.51969796213,0.49603849614534296,2.0,0.5505421710825116
0,220,0.001,0.5,2,191.90723009848261,28.092769901517386,84.4514246337398,LOSS,LOSS,LOSS,LOSS
1,220,0.101,0.5,2,191.90723009848261,28.092769901517386,84.4514246337398,LOSS,LOSS,LOSS,LOSS
2,220,0.201,0.5,2,191.90723009848261,28.092769901517386,84.4514246337398,10392.926314121232,5.773847952289573,5.0,28.725611702933197
3,220,0.30100000000000005,0.5,2,191.90723009848261,28.092769901517386,84.4514246337398,3781.649881579677,2.1009166008775986,4.0,6.979789371686373
4,220,0.401,0.5,2,191.90723009848261,28.092769901517386,84.4514246337398,2867.3640511853237,1.592980028436291,3.0,3.972518774155339
5,220,0.501,0.5,2,191.90723009848261,28.092769901517386,84.4514246337398,2503.6916954189064,1.3909398307882814,2.0,2.7763270075614397
6,220,0.6010000000000001,0.5,2,191.90723009848261,28.092769901517386,84.4514246337398,2308.3483162032003,1.282415731224,2.0,2.1338032133510816
7,220,0.7010000000000001,0.5,2,191.90723009848261,28.092769901517386,84.4514246337398,2186.428889341602,1.21468271630089,2.0,1.7327856152651782
8,220,0.801,0.5,2,191.90723009848261,28.092769901517386,84.4514246337398,2103.085629678451,1.1683809053769172,2.0,1.4586528157015197
9,220,0.901,0.5,2,191.90723009848261,28.092769901517386,84.4514246337398,2042.5107306296688,1.1347281836831493,2.0,1.259409748815926
10,220,0.001,0.75,2,191.90723009848261,28.092769901517386,84.4514246337398,LOSS,LOSS,LOSS,LOSS
11,220,0.101,0.75,2,191.90723009848261,28.092769901517386,84.4514246337398,LOSS,LOSS,LOSS,LOSS
12,220,0.201,0.75,2,191.90723009848261,28.092769901517386,84.4514246337398,3773.648083086371,1.3976474381801374,5.0,6.953469841692227
13,220,0.30100000000000005,0.75,2,191.90723009848261,28.092769901517386,84.4514246337398,2651.5403983892456,0.9820519994034244,4.0,3.262631227253901
14,220,0.401,0.75,2,191.90723009848261,28.092769901517386,84.4514246337398,2307.5985079862235,0.8546661140689716,3.0,2.1313369428153903
15,220,0.501,0.75,2,191.90723009848261,28.092769901517386,84.4514246337398,2140.764533389469,0.7928757531072107,2.0,1.5825863335473267
16,220,0.6010000000000001,0.75,2,191.90723009848261,28.092769901517386,84.4514246337398,2042.2494054180138,0.7563886686733384,2.0,1.2585501974597975
17,220,0.7010000000000001,0.75,2,191.90723009848261,28.092769901517386,84.4514246337398,1977.2201530432646,0.7323037603863943,2.0,1.0446558636039862
18,220,0.801,0.75,2,191.90723009848261,28.092769901517386,84.4514246337398,1931.08382100883,0.7152162300032704,2.0,0.8929041573074535
19,220,0.901,0.75,2,191.90723009848261,28.092769901517386,84.4514246337398,1896.6513051063355,0.7024634463356798,2.0,0.7796486640795558
20,220,0.001,1.0,2,191.90723009848261,28.092769901517386,84.4514246337398,LOSS,LOSS,LOSS,LOSS
21,220,0.101,1.0,2,191.90723009848261,28.092769901517386,84.4514246337398,10129.057443201871,2.8136270675560753,10.0,27.85769373817896
22,220,0.201,1.0,2,191.90723009848261,28.092769901517386,84.4514246337398,2862.182754341039,0.795050765094733,5.0,3.9554764432573783
23,220,0.30100000000000005,1.0,2,191.90723009848261,28.092769901517386,84.4514246337398,2306.850431039507,0.640791786399863,4.0,2.1288763667769532
24,220,0.401,1.0,2,191.90723009848261,28.092769901517386,84.4514246337398,2102.385157232031,0.5839958770088974,3.0,1.4563488204710657
25,220,0.501,1.0,2,191.90723009848261,28.092769901517386,84.4514246337398,1996.0910384346014,0.5544697328985004,2.0,1.106726013769462
26,220,0.6010000000000001,1.0,2,191.90723009848261,28.092769901517386,84.4514246337398,1930.9524368010943,0.5363756768891929,2.0,0.8924720081350961
27,220,0.7010000000000001,1.0,2,191.90723009848261,28.092769901517386,84.4514246337398,1886.9439145274534,0.5241510873687371,2.0,0.7477190975302953
28,220,0.801,1.0,2,191.90723009848261,28.092769901517386,84.4514246337398,1855.2188643830107,0.5153385734397252,2.0,0.643369005542728
29,220,0.901,1.0,2,191.90723009848261,28.092769901517386,84.4514246337398,1831.2643379040371,0.5086845383066769,2.0,0.5645777339696747
30,220,0.001,1.25,2,191.90723009848261,28.092769901517386,84.4514246337398,LOSS,LOSS,LOSS,LOSS
31,220,0.101,1.25,2,191.90723009848261,28.092769901517386,84.4514246337398,5012.774628657232,1.1139499174793848,10.0,11.029207103756285
32,220,0.201,1.25,2,191.90723009848261,28.092769901517386,84.4514246337398,2499.896369946781,0.5555325266548402,5.0,2.7638434161932346
33,220,0.30100000000000005,1.25,2,191.90723009848261,28.092769901517386,84.4514246337398,2139.940084515614,0.4755422410034698,4.0,1.579874554828803
34,220,0.401,1.25,2,191.90723009848261,28.092769901517386,84.4514246337398,1995.8892188155828,0.443530937514574,3.0,1.1060621883156458
35,220,0.501,1.25,2,191.90723009848261,28.092769901517386,84.4514246337398,1918.3071813155202,0.42629048473678227,2.0,0.8508792110514618
36,220,0.6010000000000001,1.25,2,191.90723009848261,28.092769901517386,84.4514246337398,1869.8126525348068,0.4155139227855126,2.0,0.6913709197762272
37,220,0.7010000000000001,1.25,2,191.90723009848261,28.092769901517386,84.4514246337398,1836.6296342472392,0.4081399187216087,2.0,0.582225276350369
38,220,0.801,1.25,2,191.90723009848261,28.092769901517386,84.4514246337398,1812.4952279392196,0.40277671731982656,2.0,0.5028423437201331
39,220,0.901,1.25,2,191.90723009848261,28.092769901517386,84.4514246337398,1794.1523457508065,0.398700521277957,2.0,0.4425089026392419
40,220,0.001,1.5,2,191.90723009848261,28.092769901517386,84.4514246337398,LOSS,LOSS,LOSS,LOSS
41,220,0.101,1.5,2,191.90723009848261,28.092769901517386,84.4514246337398,3750.0007175175824,0.6944445773180709,10.0,6.875688884337334
42,220,0.201,1.5,2,191.90723009848261,28.092769901517386,84.4514246337398,2305.359447027601,0.42691841611622244,5.0,2.1239722194836936
43,220,0.30100000000000005,1.5,2,191.90723009848261,28.092769901517386,84.4514246337398,2041.467565673738,0.3780495491988403,4.0,1.2559785687669116
44,220,0.401,1.5,2,191.90723009848261,28.092769901517386,84.4514246337398,1930.6900495419034,0.35753519435961173,3.0,0.8916089634903036
45,220,0.501,1.5,2,191.90723009848261,28.092769901517386,84.4514246337398,1869.7338748638042,0.3462470138636674,2.0,0.6911118041190968
46,220,0.6010000000000001,1.5,2,191.90723009848261,28.092769901517386,84.4514246337398,1831.1592977489006,0.33910357365720384,2.0,0.564232235702502
47,220,0.7010000000000001,1.5,2,191.90723009848261,28.092769901517386,84.4514246337398,1804.5514133413287,0.3341761876558016,2.0,0.47671353445906073
48,220,0.801,1.5,2,191.90723009848261,28.092769901517386,84.4514246337398,1785.0894718213833,0.3305721244113673,2.0,0.4126992814124435
49,220,0.901,1.5,2,191.90723009848261,28.092769901517386,84.4514246337398,1770.2355481544992,0.32782139780638875,2.0,0.3638417289749042
50,220,0.001,1.75,2,191.90723009848261,28.092769901517386,84.4514246337398,LOSS,LOSS,LOSS,LOSS
51,220,0.101,1.75,2,191.90723009848261,28.092769901517386,84.4514246337398,3178.1376060246153,0.5044662866705738,10.0,4.9947157096096415
52,220,0.201,1.75,2,191.90723009848261,28.092769901517386,84.4514246337398,2183.965303588589,0.34666115929977603,5.0,1.7246823845760002
53,220,0.30100000000000005,1.75,2,191.90723009848261,28.092769901517386,84.4514246337398,1976.5020823755106,0.3137304892659541,4.0,1.0422939842722725
54,220,0.401,1.75,2,191.90723009848261,28.092769901517386,84.4514246337398,1886.667720716327,0.29947106678036933,3.0,0.7468106403500482
55,220,0.501,1.75,2,191.90723009848261,28.092769901517386,84.4514246337398,1836.517926918672,0.29151078205058284,2.0,0.581857848404357
56,220,0.6010000000000001,1.75,2,191.90723009848261,28.092769901517386,84.4514246337398,1804.5139551827654,0.2864307865369469,2.0,0.4765903270165504
57,220,0.7010000000000001,1.75,2,191.90723009848261,28.092769901517386,84.4514246337398,1782.315992444091,0.282907300387951,2.0,0.40357674805699134
58,220,0.801,1.75,2,191.90723009848261,28.092769901517386,84.4514246337398,1766.0159233977224,0.28031998784090834,2.0,0.34996253163658964
59,220,0.901,1.75,2,191.90723009848261,28.092769901517386,84.4514246337398,1753.5388320452305,0.2783394971500366,2.0,0.30892286032190525
60,220,0.001,2.0,2,191.90723009848261,28.092769901517386,84.4514246337398,LOSS,LOSS,LOSS,LOSS
61,220,0.101,2.0,2,191.90723009848261,28.092769901517386,84.4514246337398,2851.952394416124,0.39610449922446167,10.0,3.9218267249946703
62,220,0.201,2.0,2,191.90723009848261,28.092769901517386,84.4514246337398,2100.9908299640274,0.29180428193944824,5.0,1.4517625967136727
63,220,0.30100000000000005,2.0,2,191.90723009848261,28.092769901517386,84.4514246337398,1930.4281692636443,0.2681150235088395,4.0,0.8907475864081045
64,220,0.401,2.0,2,191.90723009848261,28.092769901517386,84.4514246337398,1854.9462691171084,0.25763142626626506,3.0,0.6424723847039028
65,220,0.501,2.0,2,191.90723009848261,28.092769901517386,84.4514246337398,1812.3702672185887,0.25171809266924844,2.0,0.5024313226931106
66,220,0.6010000000000001,2.0,2,191.90723009848261,28.092769901517386,84.4514246337398,1785.0333351330532,0.24792129654625739,2.0,0.41251463651623516
67,220,0.7010000000000001,2.0,2,191.90723009848261,28.092769901517386,84.4514246337398,1765.9957348813932,0.2452771854001935,2.0,0.349896127532373
68,220,0.801,2.0,2,191.90723009848261,28.092769901517386,84.4514246337398,1751.9761223398305,0.2433300169916431,2.0,0.30378279274861814
69,220,0.901,2.0,2,191.90723009848261,28.092769901517386,84.4514246337398,1741.2215382795903,0.2418363247610542,2.0,0.26840879551726327
70,220,0.001,2.25,2,191.90723009848261,28.092769901517386,84.4514246337398,LOSS,LOSS,LOSS,LOSS
71,220,0.101,2.25,2,191.90723009848261,28.092769901517386,84.4514246337398,2641.1209469749524,0.32606431444135214,10.0,3.2283595489242787
72,220,0.201,2.25,2,191.90723009848261,28.092769901517386,84.4514246337398,2040.6889145215207,0.2519369030273482,5.0,1.2534174279967571
73,220,0.30100000000000005,2.25,2,191.90723009848261,28.092769901517386,84.4514246337398,1896.0515243495838,0.23408043510488688,4.0,0.7776758641358366
74,220,0.401,2.25,2,191.90723009848261,28.092769901517386,84.4514246337398,1831.0019783460248,0.22604962695629935,3.0,0.5637147804396493
75,220,0.501,2.25,2,191.90723009848261,28.092769901517386,84.4514246337398,1794.0233334667032,0.22148436215638312,2.0,0.44208455520236145
76,220,0.6010000000000001,2.25,2,191.90723009848261,28.092769901517386,84.4514246337398,1770.1701097063374,0.21853951971683178,2.0,0.36362648871353037
77,220,0.7010000000000001,2.25,2,191.90723009848261,28.092769901517386,84.4514246337398,1753.507374247135,0.21648239188236235,2.0,0.30881938927583785
78,220,0.801,2.25,2,191.90723009848261,28.092769901517386,84.4514246337398,1741.2096621755222,0.21496415582413855,2.0,0.26836973261440517
79,220,0.901,2.25,2,191.90723009848261,28.092769901517386,84.4514246337398,1731.76040310485,0.21379758063022838,2.0,0.23728921268615805
80,220,0.001,2.5,2,191.90723009848261,28.092769901517386,84.4514246337398,LOSS,LOSS,LOSS,LOSS
81,220,0.101,2.5,2,191.90723009848261,28.092769901517386,84.4514246337398,2493.6461098030086,0.27707178997811205,10.0,2.7432850492882386
82,220,0.201,2.5,2,191.90723009848261,28.092769901517386,84.4514246337398,1994.8837414651405,0.22165374905168228,5.0,1.1027549704063793
83,220,0.30100000000000005,2.5,2,191.90723009848261,28.092769901517386,84.4514246337398,1869.4193537901451,0.20771326153223835,4.0,0.690077280838001
84,220,0.401,2.5,2,191.90723009848261,28.092769901517386,84.4514246337398,1812.2870735011568,0.20136523038901744,3.0,0.5021576817681233
85,220,0.501,2.5,2,191.90723009848261,28.092769901517386,84.4514246337398,1779.6110878791403,0.1977345653199045,2.0,0.3946797710976137
86,220,0.6010000000000001,2.5,2,191.90723009848261,28.092769901517386,84.4514246337398,1758.45656428235,0.1953840626980389,2.0,0.3250982740399981
87,220,0.7010000000000001,2.5,2,191.90723009848261,28.092769901517386,84.4514246337398,1743.643140072352,0.19373812667470577,2.0,0.2763739324888812
88,220,0.801,2.5,2,191.90723009848261,28.092769901517386,84.4514246337398,1732.6913032069729,0.19252125591188587,2.0,0.2403511309761372
89,220,0.901,2.5,2,191.90723009848261,28.092769901517386,84.4514246337398,1724.2652023859375,0.1915850224873264,2.0,0.21263598500258202
90,220,0.001,2.75,2,191.90723009848261,28.092769901517386,84.4514246337398,LOSS,LOSS,LOSS,LOSS
91,220,0.101,2.75,2,191.90723009848261,28.092769901517386,84.4514246337398,2384.6996438985293,0.24087875190894234,10.0,2.3849381377123007
92,220,0.201,2.75,2,191.90723009848261,28.092769901517386,84.4514246337398,1958.908664279895,0.19786956204847425,5.0,0.9844256818332051
93,220,0.30100000000000005,2.75,2,191.90723009848261,28.092769901517386,84.4514246337398,1848.1795542132836,0.18668480345588723,4.0,0.6202152938733794
94,220,0.401,2.75,2,191.90723009848261,28.092769901517386,84.4514246337398,1797.2570784776015,0.18154111903814157,3.0,0.4527209951075849
95,220,0.501,2.75,2,191.90723009848261,28.092769901517386,84.4514246337398,1767.9903612713783,0.17858488497690692,2.0,0.3564568562413311
96,220,0.6010000000000001,2.75,2,191.90723009848261,28.092769901517386,84.4514246337398,1748.9874386743313,0.17666539784589205,2.0,0.2939524090613844
97,220,0.7010000000000001,2.75,2,191.90723009848261,28.092769901517386,84.4514246337398,1735.6545727724124,0.17531864371438508,2.0,0.2500979225597505
98,220,0.801,2.75,2,191.90723009848261,28.092769901517386,84.4514246337398,1725.7834833789293,0.17432156397766962,2.0,0.21762991757511813
99,220,0.901,2.75,2,191.90723009848261,28.092769901517386,84.4514246337398,1718.1808527654312,0.1735536214914577,2.0,0.19262333128907627
100,220,0.001,3.0,2,191.90723009848261,28.092769901517386,84.4514246337398,LOSS,LOSS,LOSS,LOSS
101,220,0.101,3.0,2,191.90723009848261,28.092769901517386,84.4514246337398,2300.9274282446218,0.21304883594857607,10.0,2.1093944153324364
102,220,0.201,3.0,2,191.90723009848261,28.092769901517386,84.4514246337398,1929.90592378377,0.17869499294294167,5.0,0.8890298156365256
103,220,0.30100000000000005,3.0,2,191.90723009848261,28.092769901517386,84.4514246337398,1830.844947232826,0.16952268029933573,4.0,0.56319827341972
104,220,0.401,3.0,2,191.90723009848261,28.092769901517386,84.4514246337398,1784.9212123176371,0.16527048262200345,3.0,0.4121458419501332
105,220,0.501,3.0,2,191.90723009848261,28.092769901517386,84.4514246337398,1758.4217265452728,0.16281682653196972,2.0,0.32498368569255426
106,220,0.6010000000000001,3.0,2,191.90723009848261,28.092769901517386,84.4514246337398,1741.1740545949474,0.16121981986990253,2.0,0.26825261209634355
107,220,0.7010000000000001,3.0,2,191.90723009848261,28.092769901517386,84.4514246337398,1729.053137232788,0.16009751270673964,2.0,0.22838446891118347
108,220,0.801,3.0,2,191.90723009848261,28.092769901517386,84.4514246337398,1720.0689022306897,0.15926563909543423,2.0,0.1988335069855608
109,220,0.901,3.0,2,191.90723009848261,28.092769901517386,84.4514246337398,1713.1432660462604,0.15862437648576483,2.0,0.17605369199307971
110,220,0.001,3.25,2,191.90723009848261,28.092769901517386,84.4514246337398,LOSS,LOSS,LOSS,LOSS
111,220,0.101,3.25,2,191.90723009848261,28.092769901517386,84.4514246337398,2234.5076392165333,0.19098355890739602,10.0,1.890926325815802
112,220,0.201,3.25,2,191.90723009848261,28.092769901517386,84.4514246337398,1906.0276254822895,0.16290834405831536,5.0,0.8104892739219669
113,220,0.30100000000000005,3.25,2,191.90723009848261,28.092769901517386,84.4514246337398,1816.4291839633129,0.15525035760370196,4.0,0.5157819189491758
114,220,0.401,3.25,2,191.90723009848261,28.092769901517386,84.4514246337398,1774.6146734108077,0.15167646781288951,3.0,0.37824555564311607
115,220,0.501,3.25,2,191.90723009848261,28.092769901517386,84.4514246337398,1750.405718591297,0.14960732637532453,2.0,0.29861741791481944
116,220,0.6010000000000001,3.25,2,191.90723009848261,28.092769901517386,84.4514246337398,1734.6170509231708,0.14825786760027101,2.0,0.24668530382740594
117,220,0.7010000000000001,3.25,2,191.90723009848261,28.092769901517386,84.4514246337398,1723.506403424954,0.14730823960897044,2.0,0.2101401420955355
118,220,0.801,3.25,2,191.90723009848261,28.092769901517386,84.4514246337398,1715.2629645016787,0.14660367217963066,2.0,0.1830258079645826
119,220,0.901,3.25,2,191.90723009848261,28.092769901517386,84.4514246337398,1708.9037080048747,0.14606014598332265,2.0,0.1621089300591816
120,220,0.001,3.5,2,191.90723009848261,28.092769901517386,84.4514246337398,LOSS,LOSS,LOSS,LOSS
121,220,0.101,3.5,2,191.90723009848261,28.092769901517386,84.4514246337398,2180.5547414973935,0.17305990011884076,10.0,1.7134643576122843
122,220,0.201,3.5,2,191.90723009848261,28.092769901517386,84.4514246337398,1886.0258710818734,0.14968459294300582,5.0,0.7446994673781384
123,220,0.30100000000000005,3.5,2,191.90723009848261,28.092769901517386,84.4514246337398,1804.2522892368363,0.14319462612990763,4.0,0.47572965491663666
124,220,0.401,3.5,2,191.90723009848261,28.092769901517386,84.4514246337398,1765.8747644897203,0.1401487908325175,3.0,0.34949823150253734
125,220,0.501,3.5,2,191.90723009848261,28.092769901517386,84.4514246337398,1743.5927972473262,0.1383803807339148,2.0,0.276208344778273
126,220,0.6010000000000001,3.5,2,191.90723009848261,28.092769901517386,84.4514246337398,1729.0359423474354,0.13722507478947898,2.0,0.22832791146335935
127,220,0.7010000000000001,3.5,2,191.90723009848261,28.092769901517386,84.4514246337398,1718.7803071590686,0.13641113548881498,2.0,0.19459505775865188
128,220,0.801,3.5,2,191.90723009848261,28.092769901517386,84.4514246337398,1711.1649133760584,0.13580673915683003,2.0,0.16954649083249687
129,220,0.901,3.5,2,191.90723009848261,28.092769901517386,84.4514246337398,1705.286466896813,0.13534019578546136,2.0,0.15021109410151093
130,220,0.001,3.75,2,191.90723009848261,28.092769901517386,84.4514246337398,LOSS,LOSS,LOSS,LOSS
131,220,0.101,3.75,2,191.90723009848261,28.092769901517386,84.4514246337398,2135.8598611894004,0.1582118415695852,10.0,1.5664538769265859
132,220,0.201,3.75,2,191.90723009848261,28.092769901517386,84.4514246337398,1869.0275241160869,0.13844648326785827,5.0,0.6887884739694442
133,220,0.30100000000000005,3.75,2,191.90723009848261,28.092769901517386,84.4514246337398,1793.8302783142485,0.13287631691216656,4.0,0.4414495578477295
134,220,0.401,3.75,2,191.90723009848261,28.092769901517386,84.4514246337398,1758.369515962924,0.1302495937750314,3.0,0.3248119545512005
135,220,0.501,3.75,2,191.90723009848261,28.092769901517386,84.4514246337398,1737.7310201666876,0.12872081630864354,2.0,0.2569277770631607
136,220,0.6010000000000001,3.75,2,191.90723009848261,28.092769901517386,84.4514246337398,1724.2279514725333,0.12772058899796543,2.0,0.21251345923122367
137,220,0.7010000000000001,3.75,2,191.90723009848261,28.092769901517386,84.4514246337398,1714.7052731376978,0.12701520541760725,2.0,0.18119144852725713
138,220,0.801,3.75,2,191.90723009848261,28.092769901517386,84.4514246337398,1707.6290758895836,0.12649104265848768,2.0,0.15791640781334293
139,220,0.901,3.75,2,191.90723009848261,28.092769901517386,84.4514246337398,1702.163888637883,0.12608621397317651,2.0,0.1399403040767775
0,250,0.001,0.5,3,246.98623996503284,3.013760034967163,16.553414508128284,LOSS,LOSS,LOSS,LOSS
1,250,0.101,0.5,3,246.98623996503284,3.013760034967163,16.553414508128284,262.1890566992151,0.1456605870551195,10.0,1.442184030248708
2,250,0.201,0.5,3,246.98623996503284,3.013760034967163,16.553414508128284,210.99992751940042,0.11722218195522245,5.0,0.5831949351006092
3,250,0.30100000000000005,0.5,3,246.98623996503284,3.013760034967163,16.553414508128284,198.02687454028964,0.1100149303001609,4.0,0.3654981073095046
4,250,0.401,0.5,3,246.98623996503284,3.013760034967163,16.553414508128284,192.1064411813914,0.10672580065632856,3.0,0.2661491288187744
5,250,0.501,0.5,3,246.98623996503284,3.013760034967163,16.553414508128284,188.71668521898113,0.10484260289943396,2.0,0.20926667245396002
6,250,0.6010000000000001,0.5,3,246.98623996503284,3.013760034967163,16.553414508128284,186.52072982879412,0.10362262768266339,2.0,0.1724170177748143
7,250,0.7010000000000001,0.5,3,246.98623996503284,3.013760034967163,16.553414508128284,184.98235127442126,0.10276797293023403,2.0,0.14660195853100436
8,250,0.801,0.5,3,246.98623996503284,3.013760034967163,16.553414508128284,183.84464786927578,0.10213591548293098,2.0,0.12751050622088764
9,250,0.901,0.5,3,246.98623996503284,3.013760034967163,16.553414508128284,182.9691203731436,0.10164951131841311,2.0,0.112818547523211
10,250,0.001,0.75,3,246.98623996503284,3.013760034967163,16.553414508128284,LOSS,LOSS,LOSS,LOSS
11,250,0.101,0.75,3,246.98623996503284,3.013760034967163,16.553414508128284,225.5304884813472,0.0835298105486471,10.0,0.8270278272143278
12,250,0.201,0.75,3,246.98623996503284,3.013760034967163,16.553414508128284,197.98629811664185,0.0733282585617192,5.0,0.36481720677472235
13,250,0.30100000000000005,0.75,3,246.98623996503284,3.013760034967163,16.553414508128284,190.19208858929738,0.07044151429233236,4.0,0.23402496442635332
14,250,0.401,0.75,3,246.98623996503284,3.013760034967163,16.553414508128284,186.51169143263363,0.06907840423430875,3.0,0.17226534721772754
15,250,0.501,0.75,3,246.98623996503284,3.013760034967163,16.553414508128284,184.36822306593479,0.06828452706145732,2.0,0.13629646120051364
16,250,0.6010000000000001,0.75,3,246.98623996503284,3.013760034967163,16.553414508128284,182.96524936397543,0.06776490717184275,2.0,0.11275358930423086
17,250,0.7010000000000001,0.75,3,246.98623996503284,3.013760034967163,16.553414508128284,181.97556605179867,0.06739835779696247,2.0,0.09614601682876243
18,250,0.801,0.75,3,246.98623996503284,3.013760034967163,16.553414508128284,181.23999668091022,0.06712592469663342,2.0,0.0838026525550979
19,250,0.901,0.75,3,246.98623996503284,3.013760034967163,16.553414508128284,180.67180591613354,0.06691548367264205,2.0,0.07426801739471925
20,250,0.001,1.0,3,246.98623996503284,3.013760034967163,16.553414508128284,LOSS,LOSS,LOSS,LOSS
21,250,0.101,1.0,3,246.98623996503284,3.013760034967163,16.553414508128284,210.79415292948232,0.05855393136930064,10.0,0.5797418947455509
22,250,0.201,1.0,3,246.98623996503284,3.013760034967163,16.553414508128284,192.0634465208537,0.0533509573669038,5.0,0.26542764859156115
23,250,0.30100000000000005,1.0,3,246.98623996503284,3.013760034967163,16.553414508128284,186.50266892415928,0.05180629692337758,4.0,0.17211394326703514
24,250,0.401,1.0,3,246.98623996503284,3.013760034967163,16.553414508128284,183.83476529568068,0.05106521258213352,3.0,0.1273446697808816
25,250,0.501,1.0,3,246.98623996503284,3.013760034967163,16.553414508128284,182.26828490285965,0.05063007913968324,2.0,0.10105804219497652
26,250,0.6010000000000001,1.0,3,246.98623996503284,3.013760034967163,16.553414508128284,181.23786047535927,0.05034385013204424,2.0,0.08376680554416678
27,250,0.7010000000000001,1.0,3,246.98623996503284,3.013760034967163,16.553414508128284,180.50853315297772,0.050141259209160474,2.0,0.07152818717426601
28,250,0.801,1.0,3,246.98623996503284,3.013760034967163,16.553414508128284,179.96515279903744,0.04999032022195484,2.0,0.06240988791754663
29,250,0.901,1.0,3,246.98623996503284,3.013760034967163,16.553414508128284,179.54464710205298,0.04987351308390361,2.0,0.055353510636962935
30,250,0.001,1.25,3,246.98623996503284,3.013760034967163,16.553414508128284,LOSS,LOSS,LOSS,LOSS
31,250,0.101,1.25,3,246.98623996503284,3.013760034967163,16.553414508128284,202.84184754621668,0.04507596612138149,10.0,0.4462966942711038
32,250,0.201,1.25,3,246.98623996503284,3.013760034967163,16.553414508128284,188.67683372090994,0.04192818527131332,5.0,0.20859793667320056
33,250,0.30100000000000005,1.25,3,246.98623996503284,3.013760034967163,16.553414508128284,184.35693269111155,0.040968207264691456,4.0,0.13610700087937358
34,250,0.401,1.25,3,246.98623996503284,3.013760034967163,16.553414508128284,182.26517869138485,0.04050337304252996,3.0,0.10100591781179544
35,250,0.501,1.25,3,246.98623996503284,3.013760034967163,16.553414508128284,181.03112754316714,0.040229139454037145,2.0,0.08029768354099232
36,250,0.6010000000000001,1.25,3,246.98623996503284,3.013760034967163,16.553414508128284,180.21699502958944,0.04004822111768654,2.0,0.0666359752374152
37,250,0.7010000000000001,1.25,3,246.98623996503284,3.013760034967163,16.553414508128284,179.63961247155328,0.039919913882567395,2.0,0.056947095410224524
38,250,0.801,1.25,3,246.98623996503284,3.013760034967163,16.553414508128284,179.20881886450545,0.0398241819698901,2.0,0.049718079862534466
39,250,0.901,1.25,3,246.98623996503284,3.013760034967163,16.553414508128284,178.87507737347747,0.039750017194106105,2.0,0.044117666142182134
40,250,0.001,1.5,3,246.98623996503284,3.013760034967163,16.553414508128284,LOSS,LOSS,LOSS,LOSS
41,250,0.101,1.5,3,246.98623996503284,3.013760034967163,16.553414508128284,197.8654709009116,0.03664175387053919,10.0,0.3627896422825661
42,250,0.201,1.5,3,246.98623996503284,3.013760034967163,16.553414508128284,186.48467140299897,0.03453419840796277,5.0,0.17181193237792428
43,250,0.30100000000000005,1.5,3,246.98623996503284,3.013760034967163,16.553414508128284,182.95366303636445,0.03388030796969712,4.0,0.11255916269002364
44,250,0.401,1.5,3,246.98623996503284,3.013760034967163,16.553414508128284,181.23359354220767,0.03356177658189031,3.0,0.0836952034461105
45,250,0.501,1.5,3,246.98623996503284,3.013760034967163,16.553414508128284,180.21564425438083,0.033373267454514965,2.0,0.06661330829244505
46,250,0.6010000000000001,1.5,3,246.98623996503284,3.013760034967163,16.553414508128284,179.5427833496888,0.0332486635832757,2.0,0.05532223557949367
47,250,0.7010000000000001,1.5,3,246.98623996503284,3.013760034967163,16.553414508128284,179.06496465706576,0.033160178640197366,2.0,0.04730410647674374
48,250,0.801,1.5,3,246.98623996503284,3.013760034967163,16.553414508128284,178.70811817495584,0.03309409595832515,2.0,0.04131597497918247
49,250,0.901,1.5,3,246.98623996503284,3.013760034967163,16.553414508128284,178.43146512215347,0.0330428639115099,2.0,0.03667354485184228
50,250,0.001,1.75,3,246.98623996503284,3.013760034967163,16.553414508128284,LOSS,LOSS,LOSS,LOSS
51,250,0.101,1.75,3,246.98623996503284,3.013760034967163,16.553414508128284,194.4578356854958,0.030866323124681874,10.0,0.30560715965031554
52,250,0.201,1.75,3,246.98623996503284,3.013760034967163,16.553414508128284,184.94977208383472,0.029357106679973766,5.0,0.14605525711429737
53,250,0.30100000000000005,1.75,3,246.98623996503284,3.013760034967163,16.553414508128284,181.96433594619924,0.02888322792796813,4.0,0.09595756786700375
54,250,0.401,1.75,3,246.98623996503284,3.013760034967163,16.553414508128284,180.50386748980569,0.028651407538064392,3.0,0.07144989410988625
55,250,0.501,1.75,3,246.98623996503284,3.013760034967163,16.553414508128284,179.63763989458164,0.02851391109437804,2.0,0.05691399420035536
56,250,0.6010000000000001,1.75,3,246.98623996503284,3.013760034967163,16.553414508128284,179.0642838781257,0.028422902202877093,2.0,0.04729268253390532
57,250,0.7010000000000001,1.75,3,246.98623996503284,3.013760034967163,16.553414508128284,178.65674770297932,0.02835821392110783,2.0,0.04045394282611674
58,250,0.801,1.75,3,246.98623996503284,3.013760034967163,16.553414508128284,178.35218439305308,0.028309870538579855,2.0,0.03534315922419457
59,250,0.901,1.75,3,246.98623996503284,3.013760034967163,16.553414508128284,178.11594398516712,0.028272372061137637,2.0,0.03137888131091857
60,250,0.001,2.0,3,246.98623996503284,3.013760034967163,16.553414508128284,LOSS,LOSS,LOSS,LOSS
61,250,0.101,2.0,3,246.98623996503284,3.013760034967163,16.553414508128284,191.97815273149303,0.026663632323818475,10.0,0.26399635964176704
62,250,0.201,2.0,3,246.98623996503284,3.013760034967163,16.553414508128284,183.81507706633568,0.025529871814768845,5.0,0.12701428763566588
63,250,0.30100000000000005,2.0,3,246.98623996503284,3.013760034967163,16.553414508128284,181.229333897395,0.02517074081908264,4.0,0.08362372365143733
64,250,0.401,2.0,3,246.98623996503284,3.013760034967163,16.553414508128284,179.9604177243074,0.024994502461709363,3.0,0.062330430079075703
65,250,0.501,2.0,3,246.98623996503284,3.013760034967163,16.553414508128284,179.20656393685044,0.024889800546784784,2.0,0.04968024061234488
66,250,0.6010000000000001,2.0,3,246.98623996503284,3.013760034967163,16.553414508128284,178.70707969980023,0.024820427736083367,2.0,0.04129854864572939
67,250,0.7010000000000001,2.0,3,246.98623996503284,3.013760034967163,16.553414508128284,178.3518043387271,0.02477108393593432,2.0,0.035336781648979056
68,250,0.801,2.0,3,246.98623996503284,3.013760034967163,16.553414508128284,178.08616311968672,0.02473418932217871,2.0,0.030879137730560183
69,250,0.901,2.0,3,246.98623996503284,3.013760034967163,16.553414508128284,177.88003445536486,0.0247055603410229,2.0,0.02742015576140166
70,250,0.001,2.25,3,246.98623996503284,3.013760034967163,16.553414508128284,LOSS,LOSS,LOSS,LOSS
71,250,0.101,2.25,3,246.98623996503284,3.013760034967163,16.553414508128284,190.09280304057944,0.023468247288960423,10.0,0.23235888404911312
72,250,0.201,2.25,3,246.98623996503284,3.013760034967163,16.553414508128284,182.94211659773126,0.02258544649354707,5.0,0.11236540544053267
73,250,0.30100000000000005,2.25,3,246.98623996503284,3.013760034967163,16.553414508128284,180.66175788162028,0.02230392072612596,4.0,0.07409940440573408
74,250,0.401,2.25,3,246.98623996503284,3.013760034967163,16.553414508128284,179.53999166666486,0.022165431069958625,3.0,0.05527538920189183
75,250,0.501,2.25,3,246.98623996503284,3.013760034967163,16.553414508128284,178.8727103248275,0.02208305065738611,2.0,0.04407794542392437
76,250,0.6010000000000001,2.25,3,246.98623996503284,3.013760034967163,16.553414508128284,178.43023797560744,0.02202842444143302,2.0,0.03665295248158571
77,250,0.7010000000000001,2.25,3,246.98623996503284,3.013760034967163,16.553414508128284,178.11534491309817,0.021989548754703474,2.0,0.03136882846605346
78,250,0.801,2.25,3,246.98623996503284,3.013760034967163,16.553414508128284,177.87980568890637,0.021960469838136588,2.0,0.027416316901543808
79,250,0.901,2.25,3,246.98623996503284,3.013760034967163,16.553414508128284,177.69698085814974,0.02193789887137651,2.0,0.024348389424391242
80,250,0.001,2.5,3,246.98623996503284,3.013760034967163,16.553414508128284,LOSS,LOSS,LOSS,LOSS
81,250,0.101,2.5,3,246.98623996503284,3.013760034967163,16.553414508128284,188.61097755915023,0.020956775284350023,10.0,0.207492824597525
82,250,0.201,2.5,3,246.98623996503284,3.013760034967163,16.553414508128284,182.2496955746421,0.02024996617496023,5.0,0.10074610037293648
83,250,0.30100000000000005,2.5,3,246.98623996503284,3.013760034967163,16.553414508128284,180.21025033067443,0.020023361147852713,4.0,0.06652279451113857
84,250,0.401,2.5,3,246.98623996503284,3.013760034967163,16.553414508128284,179.20506255763772,0.019911673617515304,3.0,0.049655046427718966
85,250,0.501,2.5,3,246.98623996503284,3.013760034967163,16.553414508128284,178.60652171612543,0.019845169079569493,2.0,0.03961111592728441
86,250,0.6010000000000001,2.5,3,246.98623996503284,3.013760034967163,16.553414508128284,178.20938139847996,0.019801042377608883,2.0,0.03294682591948233
87,250,0.7010000000000001,2.5,3,246.98623996503284,3.013760034967163,16.553414508128284,177.9266283324252,0.019769625370269467,2.0,0.02820203333847285
88,250,0.801,2.5,3,246.98623996503284,3.013760034967163,16.553414508128284,177.71506375354335,0.01974611819483815,2.0,0.02465183295235724
89,250,0.901,2.5,3,246.98623996503284,3.013760034967163,16.553414508128284,177.55080902102694,0.019727867669002995,2.0,0.021895524604886786
90,250,0.001,2.75,3,246.98623996503284,3.013760034967163,16.553414508128284,LOSS,LOSS,LOSS,LOSS
91,250,0.101,2.75,3,246.98623996503284,3.013760034967163,16.553414508128284,187.41564964686515,0.01893087370170355,10.0,0.18743439308617377
92,250,0.201,2.75,3,246.98623996503284,3.013760034967163,16.553414508128284,181.68705589426077,0.018352227868107147,5.0,0.09130461625923952
93,250,0.30100000000000005,2.75,3,246.98623996503284,3.013760034967163,16.553414508128284,179.84251025068772,0.01816591012633209,4.0,0.06035186088482423
94,250,0.401,2.75,3,246.98623996503284,3.013760034967163,16.553414508128284,178.93195769594934,0.01807393512080296,3.0,0.04507215740848619
95,250,0.501,2.75,3,246.98623996503284,3.013760034967163,16.553414508128284,178.38931960003626,0.018019123191922854,2.0,0.03596631375633304
96,250,0.6010000000000001,2.75,3,246.98623996503284,3.013760034967163,16.553414508128284,178.0290868186181,0.017982736042284658,2.0,0.029921357807461992
97,250,0.7010000000000001,2.75,3,246.98623996503284,3.013760034967163,16.553414508128284,177.77252104418605,0.01795682030749354,2.0,0.02561600614478394
98,250,0.801,2.75,3,246.98623996503284,3.013760034967163,16.553414508128284,177.58050169566744,0.017937424413703783,2.0,0.022393788281777505
99,250,0.901,2.75,3,246.98623996503284,3.013760034967163,16.553414508128284,177.43139263002007,0.017922362891921218,2.0,0.01989163473021223
100,250,0.001,3.0,3,246.98623996503284,3.013760034967163,16.553414508128284,LOSS,LOSS,LOSS,LOSS
101,250,0.101,3.0,3,246.98623996503284,3.013760034967163,16.553414508128284,186.43105582123965,0.01726213479826293,10.0,0.17091222572537554
102,250,0.201,3.0,3,246.98623996503284,3.013760034967163,16.553414508128284,181.22083639821878,0.016779707073909148,5.0,0.08348112972094103
103,250,0.30100000000000005,3.0,3,246.98623996503284,3.013760034967163,16.553414508128284,179.5372047075855,0.016623815250702362,4.0,0.05522862209535667
104,250,0.401,3.0,3,246.98623996503284,3.013760034967163,16.553414508128284,178.7050053753345,0.016546759756975418,3.0,0.041263740042332714
105,250,0.501,3.0,3,246.98623996503284,3.013760034967163,16.553414508128284,178.20872097216616,0.016500807497422793,2.0,0.03293574350782992
106,250,0.6010000000000001,3.0,3,246.98623996503284,3.013760034967163,16.553414508128284,177.87911977370106,0.016470288867935282,2.0,0.027404806768611113
107,250,0.7010000000000001,3.0,3,246.98623996503284,3.013760034967163,16.553414508128284,177.6443020796181,0.016448546488853525,2.0,0.023464402979819582
108,250,0.801,3.0,3,246.98623996503284,3.013760034967163,16.553414508128284,177.46852221077134,0.01643227057507142,2.0,0.020514694850276433
109,250,0.901,3.0,3,246.98623996503284,3.013760034967163,16.553414508128284,177.33200160800402,0.01641962977851889,2.0,0.0182237844378678
110,250,0.001,3.25,3,246.98623996503284,3.013760034967163,16.553414508128284,LOSS,LOSS,LOSS,LOSS
111,250,0.101,3.25,3,246.98623996503284,3.013760034967163,16.553414508128284,185.60598247324674,0.015863759185747586,10.0,0.15706692263116417
112,250,0.201,3.25,3,246.98623996503284,3.013760034967163,16.553414508128284,180.82820777798779,0.01545540237418699,5.0,0.07689254912530841
113,250,0.30100000000000005,3.25,3,246.98623996503284,3.013760034967163,16.553414508128284,179.27967773095637,0.01532304937871422,4.0,0.05090714079307049
114,250,0.401,3.25,3,246.98623996503284,3.013760034967163,16.553414508128284,178.5134179890767,0.015257557093083478,3.0,0.03804877080569446
115,250,0.501,3.25,3,246.98623996503284,3.013760034967163,16.553414508128284,178.0561921166643,0.015218477958689256,2.0,0.030376203510357802
116,250,0.6010000000000001,3.25,3,246.98623996503284,3.013760034967163,16.553414508128284,177.75242178256104,0.015192514682270175,2.0,0.025278726592795623
117,250,0.7010000000000001,3.25,3,246.98623996503284,3.013760034967163,16.553414508128284,177.53595348465203,0.015174013118346328,2.0,0.021646238399923433
118,250,0.801,3.25,3,246.98623996503284,3.013760034967163,16.553414508128284,177.373880586045,0.01516016073385,2.0,0.01892654273888889
119,250,0.901,3.25,3,246.98623996503284,3.013760034967163,16.553414508128284,177.24798844357156,0.015149400721672783,2.0,0.01681398526267789
120,250,0.001,3.5,3,246.98623996503284,3.013760034967163,16.553414508128284,LOSS,LOSS,LOSS,LOSS
121,250,0.101,3.5,3,246.98623996503284,3.013760034967163,16.553414508128284,184.9045673128351,0.014674965659748818,10.0,0.14529668970048334
122,250,0.201,3.5,3,246.98623996503284,3.013760034967163,16.553414508128284,180.4930205617416,0.014324842901725521,5.0,0.0712678751329628
123,250,0.30100000000000005,3.5,3,246.98623996503284,3.013760034967163,16.553414508128284,179.05952761686282,0.014211073620385938,4.0,0.04721286917071741
124,250,0.401,3.5,3,246.98623996503284,3.013760034967163,16.553414508128284,178.34952689000576,0.014154724356349664,3.0,0.035298564479674964
125,250,0.501,3.5,3,246.98623996503284,3.013760034967163,16.553414508128284,177.92566075873802,0.014121084187201429,2.0,0.02818579678084118
126,250,0.6010000000000001,3.5,3,246.98623996503284,3.013760034967163,16.553414508128284,177.64396706923281,0.014098727545177207,2.0,0.023458781273173388
127,250,0.7010000000000001,3.5,3,246.98623996503284,3.013760034967163,16.553414508128284,177.4431884001173,0.014082792730168039,2.0,0.020089575934619172
128,250,0.801,3.5,3,246.98623996503284,3.013760034967163,16.553414508128284,177.292839498516,0.01407086027766,2.0,0.01756661707573034
129,250,0.901,3.5,3,246.98623996503284,3.013760034967163,16.553414508128284,177.17604049272984,0.01406159051529602,2.0,0.015606648740617112
130,250,0.001,3.75,3,246.98623996503284,3.013760034967163,16.553414508128284,LOSS,LOSS,LOSS,LOSS
131,250,0.101,3.75,3,246.98623996503284,3.013760034967163,16.553414508128284,184.3009483962856,0.013651922103428565,10.0,0.1351675455785006
132,250,0.201,3.75,3,246.98623996503284,3.013760034967163,16.553414508128284,180.20352850455566,0.013348409518855976,5.0,0.06640999760624863
133,250,0.30100000000000005,3.75,3,246.98623996503284,3.013760034967163,16.553414508128284,178.86916773284486,0.01324956798021073,4.0,0.04401849827312535
134,250,0.401,3.75,3,246.98623996503284,3.013760034967163,16.553414508128284,178.20773116533545,0.013200572678913737,3.0,0.032919133862627764
135,250,0.501,3.75,3,246.98623996503284,3.013760034967163,16.553414508128284,177.8126882908963,0.013171310243770095,2.0,0.02629004040672674
136,250,0.6010000000000001,3.75,3,246.98623996503284,3.013760034967163,16.553414508128284,177.55007998110415,0.013151857776378086,2.0,0.02188329080928134
137,250,0.7010000000000001,3.75,3,246.98623996503284,3.013760034967163,16.553414508128284,177.3628703734763,0.013137990398035282,2.0,0.018741783734715096
138,250,0.801,3.75,3,246.98623996503284,3.013760034967163,16.553414508128284,177.22266376739273,0.013127604723510572,2.0,0.016389019629850902
139,250,0.901,3.75,3,246.98623996503284,3.013760034967163,16.553414508128284,177.11373283240357,0.013119535765363228,2.0,0.014561082980425334
0,300,0.001,0.5,8,254.63842783135715,45.36157216864285,14.250006102049213,LOSS,LOSS,LOSS,LOSS
1,300,0.101,0.5,8,254.63842783135715,45.36157216864285,14.250006102049213,3674.527387748391,2.041404104304662,10.0,20.211921824798633
2,300,0.201,0.5,8,254.63842783135715,45.36157216864285,14.250006102049213,3073.4421083442644,1.7074678379690358,5.0,8.494864865517592
3,300,0.30100000000000005,0.5,8,254.63842783135715,45.36157216864285,14.250006102049213,2913.5203565174897,1.6186224202874944,4.0,5.377483123878719
4,300,0.401,0.5,8,254.63842783135715,45.36157216864285,14.250006102049213,2839.462635330307,1.5774792418501706,3.0,3.9338634460104
5,300,0.501,0.5,8,254.63842783135715,45.36157216864285,14.250006102049213,2796.752098524078,1.55375116584671,2.0,3.1012997322289624
6,300,0.6010000000000001,0.5,8,254.63842783135715,45.36157216864285,14.250006102049213,2768.962273583945,1.5383123742133027,2.0,2.5595879770604038
7,300,0.7010000000000001,0.5,8,254.63842783135715,45.36157216864285,14.250006102049213,2749.4370807462487,1.527465044859027,2.0,2.1789800925235756
8,300,0.801,0.5,8,254.63842783135715,45.36157216864285,14.250006102049213,2734.96695409526,1.5194260856084778,2.0,1.8969114676760024
9,300,0.901,0.5,8,254.63842783135715,45.36157216864285,14.250006102049213,2723.8137619665386,1.513229867759188,2.0,1.6795004081678002
10,300,0.001,0.75,8,254.63842783135715,45.36157216864285,14.250006102049213,LOSS,LOSS,LOSS,LOSS
11,300,0.101,0.75,8,254.63842783135715,45.36157216864285,14.250006102049213,3248.8197219521326,1.203266563685975,10.0,11.913530333524504
12,300,0.201,0.75,8,254.63842783135715,45.36157216864285,14.250006102049213,2913.0151092377896,1.078894484902885,5.0,5.367634253248185
13,300,0.30100000000000005,0.75,8,254.63842783135715,45.36157216864285,14.250006102049213,2815.3698031920576,1.0427295567377992,4.0,3.4642177964710927
14,300,0.401,0.75,8,254.63842783135715,45.36157216864285,14.250006102049213,2768.8476951177604,1.0254991463399112,3.0,2.5573544796506513
15,300,0.501,0.75,8,254.63842783135715,45.36157216864285,14.250006102049213,2741.6293666532483,1.0154182839456476,2.0,2.0267830018875195
16,300,0.6010000000000001,0.75,8,254.63842783135715,45.36157216864285,14.250006102049213,2723.7644157987047,1.0088016354810017,2.0,1.6785384949767082
17,300,0.7010000000000001,0.75,8,254.63842783135715,45.36157216864285,14.250006102049213,2711.1384535270554,1.0041253531581686,2.0,1.432418478114363
18,300,0.801,0.75,8,254.63842783135715,45.36157216864285,14.250006102049213,2701.7416376500382,1.0006450509814957,2.0,1.2492447577796448
19,300,0.901,0.75,8,254.63842783135715,45.36157216864285,14.250006102049213,2694.475619043701,0.9979539329791486,2.0,1.107607028833683
20,300,0.001,1.0,8,254.63842783135715,45.36157216864285,14.250006102049213,LOSS,LOSS,LOSS,LOSS
21,300,0.101,1.0,8,254.63842783135715,45.36157216864285,14.250006102049213,3070.930368950233,0.853036213597287,10.0,8.445903104923634
22,300,0.201,1.0,8,254.63842783135715,45.36157216864285,14.250006102049213,2838.9223213067703,0.7885895336963251,5.0,3.923331013414552
23,300,0.30100000000000005,1.0,8,254.63842783135715,45.36157216864285,14.250006102049213,2768.7333164396646,0.7690925878999069,4.0,2.5551248767438755
24,300,0.401,1.0,8,254.63842783135715,45.36157216864285,14.250006102049213,2734.8411472413527,0.7596780964559313,3.0,1.8944590934063124
25,300,0.501,1.0,8,254.63842783135715,45.36157216864285,14.250006102049213,2714.8748823566293,0.7541319117657304,2.0,1.5052533168976654
26,300,0.6010000000000001,1.0,8,254.63842783135715,45.36157216864285,14.250006102049213,2701.7143320325763,0.7504762033423823,2.0,1.2487124847626991
27,300,0.7010000000000001,1.0,8,254.63842783135715,45.36157216864285,14.250006102049213,2692.38648660579,0.747885135168275,2.0,1.0668832170731453
28,300,0.801,1.0,8,254.63842783135715,45.36157216864285,14.250006102049213,2685.429876132708,0.7459527433701967,2.0,0.9312768331712816
29,300,0.901,1.0,8,254.63842783135715,45.36157216864285,14.250006102049213,2680.0422784639004,0.7444561884621945,2.0,0.826255481090116
30,300,0.001,1.25,8,254.63842783135715,45.36157216864285,14.250006102049213,LOSS,LOSS,LOSS,LOSS
31,300,0.101,1.25,8,254.63842783135715,45.36157216864285,14.250006102049213,2973.25005894865,0.6607222353219222,10.0,6.541804310118041
32,300,0.201,1.25,8,254.63842783135715,45.36157216864285,14.250006102049213,2796.2486278010183,0.6213885839557818,5.0,3.0914854923173216
33,300,0.30100000000000005,1.25,8,254.63842783135715,45.36157216864285,14.250006102049213,2741.485756136297,0.6092190569191771,4.0,2.0239835778045743
34,300,0.401,1.25,8,254.63842783135715,45.36157216864285,14.250006102049213,2714.835241941233,0.6032967204313852,3.0,1.5044805995795143
35,300,0.501,1.25,8,254.63842783135715,45.36157216864285,14.250006102049213,2699.071375810217,0.5997936390689371,2.0,1.1971928923531678
36,300,0.6010000000000001,1.25,8,254.63842783135715,45.36157216864285,14.250006102049213,2688.65481845177,0.5974788485448378,2.0,0.9941411789431576
37,300,0.7010000000000001,1.25,8,254.63842783135715,45.36157216864285,14.250006102049213,2681.259304432124,0.5958354009849164,2.0,0.8499791740155725
38,300,0.801,1.25,8,254.63842783135715,45.36157216864285,14.250006102049213,2675.7370209254887,0.5946082268723307,2.0,0.7423323681302506
39,300,0.901,1.25,8,254.63842783135715,45.36157216864285,14.250006102049213,2671.456257998201,0.5936569462218224,2.0,0.6588867327656187
40,300,0.001,1.5,8,254.63842783135715,45.36157216864285,14.250006102049213,LOSS,LOSS,LOSS,LOSS
41,300,0.101,1.5,8,254.63842783135715,45.36157216864285,14.250006102049213,2911.5104110555667,0.5391685946399197,10.0,5.338302917226927
42,300,0.201,1.5,8,254.63842783135715,45.36157216864285,14.250006102049213,2768.5051563611773,0.5126861400668847,5.0,2.5506773137655956
43,300,0.30100000000000005,1.5,8,254.63842783135715,45.36157216864285,14.250006102049213,2723.616715862398,0.5043734659004441,4.0,1.6756593551509769
44,300,0.401,1.5,8,254.63842783135715,45.36157216864285,14.250006102049213,2701.659790543802,0.5003073686192225,3.0,1.2476492983023009
45,300,0.501,1.5,8,254.63842783135715,45.36157216864285,14.250006102049213,2688.6375246353095,0.49789583789542774,2.0,0.9938040676555444
46,300,0.6010000000000001,1.5,8,254.63842783135715,45.36157216864285,14.250006102049213,2680.018391777723,0.49629970218105984,2.0,0.825789853878635
47,300,0.7010000000000001,1.5,8,254.63842783135715,45.36157216864285,14.250006102049213,2673.8921390093024,0.4951652109276486,2.0,0.7063697730779578
48,300,0.801,1.5,8,254.63842783135715,45.36157216864285,14.250006102049213,2669.3138970557666,0.49431738834366046,2.0,0.6171253287686147
49,300,0.901,1.5,8,254.63842783135715,45.36157216864285,14.250006102049213,2665.7627424773127,0.4936597671254283,2.0,0.5479020722812743
50,300,0.001,1.75,8,254.63842783135715,45.36157216864285,14.250006102049213,LOSS,LOSS,LOSS,LOSS
51,300,0.101,1.75,8,254.63842783135715,45.36157216864285,14.250006102049213,2868.957546766664,0.45539008678835935,10.0,4.508812740478805
52,300,0.201,1.75,8,254.63842783135715,45.36157216864285,14.250006102049213,2749.0230743439006,0.4363528689434763,5.0,2.1709097957386874
53,300,0.30100000000000005,1.75,8,254.63842783135715,45.36157216864285,14.250006102049213,2710.9950718679947,0.43031667807428486,4.0,1.4296235151969594
54,300,0.401,1.75,8,254.63842783135715,45.36157216864285,14.250006102049213,2692.32677991529,0.42735345712941114,3.0,1.0657193444623718
55,300,0.501,1.75,8,254.63842783135715,45.36157216864285,14.250006102049213,2681.2340267795976,0.4255927026634282,2.0,0.8494864324619325
56,300,0.6010000000000001,1.75,8,254.63842783135715,45.36157216864285,14.250006102049213,2673.883407253859,0.42442593765934267,2.0,0.7061995634930825
57,300,0.7010000000000001,1.75,8,254.63842783135715,45.36157216864285,14.250006102049213,2668.6546160555067,0.4235959708024614,2.0,0.6042738527852516
58,300,0.801,1.75,8,254.63842783135715,45.36157216864285,14.250006102049213,2664.744799219296,0.4229753649554438,2.0,0.5280591322789561
59,300,0.901,1.75,8,254.63842783135715,45.36157216864285,14.250006102049213,2661.7107813578173,0.42249377481870115,2.0,0.46891650923274264
60,300,0.001,2.0,8,254.63842783135715,45.36157216864285,14.250006102049213,LOSS,LOSS,LOSS,LOSS
61,300,0.101,2.0,8,254.63842783135715,45.36157216864285,14.250006102049213,2837.850326773003,0.3941458787184726,10.0,3.902434442757155
62,300,0.201,2.0,8,254.63842783135715,45.36157216864285,14.250006102049213,2734.590506894125,0.3798042370686285,5.0,1.8895733187493953
63,300,0.30100000000000005,2.0,8,254.63842783135715,45.36157216864285,14.250006102049213,2701.6053418521183,0.37522296414612755,4.0,1.2465879207512538
64,300,0.401,2.0,8,254.63842783135715,45.36157216864285,14.250006102049213,2685.369229325511,0.37296794851743204,3.0,0.930094634706813
65,300,0.501,2.0,8,254.63842783135715,45.36157216864285,14.250006102049213,2675.708105460775,0.371626125758441,2.0,0.7417687140887046
66,300,0.6010000000000001,2.0,8,254.63842783135715,45.36157216864285,14.250006102049213,2669.3005699485952,0.37073619027063826,2.0,0.6168655412157041
67,300,0.7010000000000001,2.0,8,254.63842783135715,45.36157216864285,14.250006102049213,2664.739919117476,0.37010276654409385,2.0,0.5279640036292351
68,300,0.801,2.0,8,254.63842783135715,45.36157216864285,14.250006102049213,2661.3282277191756,0.36962892051655216,2.0,0.46145932648758076
69,300,0.901,2.0,8,254.63842783135715,45.36157216864285,14.250006102049213,2658.6798849792326,0.3692610951360045,2.0,0.4098347337802492
70,300,0.001,2.25,8,254.63842783135715,45.36157216864285,14.250006102049213,LOSS,LOSS,LOSS,LOSS
71,300,0.101,2.25,8,254.63842783135715,45.36157216864285,14.250006102049213,2814.1182929515653,0.3474220114755019,10.0,3.4398218957970483
72,300,0.201,2.25,8,254.63842783135715,45.36157216864285,14.250006102049213,2723.4695217477974,0.3362308051540491,5.0,1.6727900753932785
73,300,0.30100000000000005,2.25,8,254.63842783135715,45.36157216864285,14.250006102049213,2694.347066406974,0.3326354402971573,4.0,1.1051011305553395
74,300,0.401,2.25,8,254.63842783135715,45.36157216864285,14.250006102049213,2679.982612184872,0.3308620508870212,3.0,0.8250923962269856
75,300,0.501,2.25,8,254.63842783135715,45.36157216864285,14.250006102049213,2671.425888812172,0.32980566528545335,2.0,0.6582947410887292
76,300,0.6010000000000001,2.25,8,254.63842783135715,45.36157216864285,14.250006102049213,2665.7469872147162,0.3291045663228045,2.0,0.5475949522842003
77,300,0.7010000000000001,2.25,8,254.63842783135715,45.36157216864285,14.250006102049213,2661.703086083563,0.3286053192695757,2.0,0.46876650395089253
78,300,0.801,2.25,8,254.63842783135715,45.36157216864285,14.250006102049213,2658.6769453076836,0.3282317216429239,2.0,0.4097774302658226
79,300,0.901,2.25,8,254.63842783135715,45.36157216864285,14.250006102049213,2656.3272890590147,0.3279416406245697,2.0,0.3639751838230518
80,300,0.001,2.5,8,254.63842783135715,45.36157216864285,14.250006102049213,LOSS,LOSS,LOSS,LOSS
81,300,0.101,2.5,8,254.63842783135715,45.36157216864285,14.250006102049213,2795.4165539409464,0.3106018393267718,10.0,3.075265735908632
82,300,0.201,2.5,8,254.63842783135715,45.36157216864285,14.250006102049213,2714.6376487800135,0.3016264054200015,5.0,1.5006288826865744
83,300,0.30100000000000005,2.5,8,254.63842783135715,45.36157216864285,14.250006102049213,2688.5684664965715,0.29872982961073014,4.0,0.9924579056834888
84,300,0.401,2.5,8,254.63842783135715,45.36157216864285,14.250006102049213,2675.6888528670174,0.2972987614296686,3.0,0.7413934200241112
85,300,0.501,2.5,8,254.63842783135715,45.36157216864285,14.250006102049213,2668.0099715988704,0.2964455523998745,2.0,0.5917076894209071
86,300,0.6010000000000001,2.5,8,254.63842783135715,45.36157216864285,14.250006102049213,2662.9109261444746,0.2958789917938305,2.0,0.49231113443233027
87,300,0.7010000000000001,2.5,8,254.63842783135715,45.36157216864285,14.250006102049213,2659.2785987894017,0.2954753998654891,2.0,0.4215055632888574
88,300,0.801,2.5,8,254.63842783135715,45.36157216864285,14.250006102049213,2656.559719784944,0.2951733021983271,2.0,0.36850599525384153
89,300,0.901,2.5,8,254.63842783135715,45.36157216864285,14.250006102049213,2654.448207922644,0.2949386897691827,2.0,0.3273459375906578
90,300,0.001,2.75,8,254.63842783135715,45.36157216864285,14.250006102049213,LOSS,LOSS,LOSS,LOSS
91,300,0.101,2.75,8,254.63842783135715,45.36157216864285,14.250006102049213,2780.2990192639422,0.2808382847741356,10.0,2.7805770769716394
92,300,0.201,2.75,8,254.63842783135715,45.36157216864285,14.250006102049213,2707.454064100661,0.27348020849501625,5.0,1.3605980522140109
93,300,0.30100000000000005,2.75,8,254.63842783135715,45.36157216864285,14.250006102049213,2683.8589253360637,0.27109686114505693,4.0,0.9006540237377306
94,300,0.401,2.75,8,254.63842783135715,45.36157216864285,14.250006102049213,2672.185997314028,0.26991777750646745,3.0,0.6731116646046571
95,300,0.501,2.75,8,254.63842783135715,45.36157216864285,14.250006102049213,2665.221621137135,0.2692143051653672,2.0,0.5373539025256829
96,300,0.6010000000000001,2.75,8,254.63842783135715,45.36157216864285,14.250006102049213,2660.5949971186524,0.26874696940592446,2.0,0.4471663384457978
97,300,0.7010000000000001,2.75,8,254.63842783135715,45.36157216864285,14.250006102049213,2657.298210162245,0.268413960622449,2.0,0.3829015130134793
98,300,0.801,2.75,8,254.63842783135715,45.36157216864285,14.250006102049213,2654.829950887391,0.2681646415037769,2.0,0.3347873177325554
99,300,0.901,2.75,8,254.63842783135715,45.36157216864285,14.250006102049213,2652.9127541676544,0.26797098526946006,2.0,0.2974150779905217
100,300,0.001,3.0,8,254.63842783135715,45.36157216864285,14.250006102049213,LOSS,LOSS,LOSS,LOSS
101,300,0.101,3.0,8,254.63842783135715,45.36157216864285,14.250006102049213,2767.82541711446,0.2562801312143018,10.0,2.5374270417257603
102,300,0.201,3.0,8,254.63842783135715,45.36157216864285,14.250006102049213,2701.496721914315,0.2501385853624366,5.0,1.2444705739424704
103,300,0.30100000000000005,3.0,8,254.63842783135715,45.36157216864285,14.250006102049213,2679.94689297952,0.24814323083143702,4.0,0.8243961157190597
104,300,0.401,3.0,8,254.63842783135715,45.36157216864285,14.250006102049213,2669.273949367331,0.24715499531178994,3.0,0.6163466217251619
105,300,0.501,3.0,8,254.63842783135715,45.36157216864285,14.250006102049213,2662.902444004386,0.24656504111151722,2.0,0.49214579064175085
106,300,0.6010000000000001,3.0,8,254.63842783135715,45.36157216864285,14.250006102049213,2658.6681312233036,0.24617297511326885,2.0,0.4096056158290663
107,300,0.7010000000000001,3.0,8,254.63842783135715,45.36157216864285,14.250006102049213,2655.6501380956374,0.24589353130515162,2.0,0.35077536562789097
108,300,0.801,3.0,8,254.63842783135715,45.36157216864285,14.250006102049213,2653.3901966189283,0.24568427746471558,2.0,0.30672194440039396
109,300,0.901,3.0,8,254.63842783135715,45.36157216864285,14.250006102049213,2651.6345656542057,0.24552171904205608,2.0,0.27249913323202674
110,300,0.001,3.25,8,254.63842783135715,45.36157216864285,14.250006102049213,LOSS,LOSS,LOSS,LOSS
111,300,0.101,3.25,8,254.63842783135715,45.36157216864285,14.250006102049213,2757.357919808259,0.23567161707762896,10.0,2.333382347303256
112,300,0.201,3.25,8,254.63842783135715,45.36157216864285,14.250006102049213,2696.476332615989,0.2304680626167512,5.0,1.1466072767002549
113,300,0.30100000000000005,3.25,8,254.63842783135715,45.36157216864285,14.250006102049213,2676.6456084169454,0.22877312892452525,4.0,0.7600436176894525
114,300,0.401,3.25,8,254.63842783135715,45.36157216864285,14.250006102049213,2666.8148615572336,0.2279328941501909,3.0,0.5684112073570844
115,300,0.501,3.25,8,254.63842783135715,45.36157216864285,14.250006102049213,2660.943213509772,0.22743104388972407,2.0,0.4539541794206069
116,300,0.6010000000000001,3.25,8,254.63842783135715,45.36157216864285,14.250006102049213,2657.03988482428,0.22709742605335725,2.0,0.3778659335330403
117,300,0.7010000000000001,3.25,8,254.63842783135715,45.36157216864285,14.250006102049213,2654.2572114622903,0.2268595907232727,2.0,0.32362281130281406
118,300,0.801,3.25,8,254.63842783135715,45.36157216864285,14.250006102049213,2652.173162159612,0.22668146685124888,2.0,0.2829980859566153
119,300,0.901,3.25,8,254.63842783135715,45.36157216864285,14.250006102049213,2650.5539831553465,0.22654307548336297,2.0,0.25143515591938176
120,300,0.001,3.5,8,254.63842783135715,45.36157216864285,14.250006102049213,LOSS,LOSS,LOSS,LOSS
121,300,0.101,3.5,8,254.63842783135715,45.36157216864285,14.250006102049213,2748.448590883697,0.21813084054632514,10.0,2.1597112925378723
122,300,0.201,3.5,8,254.63842783135715,45.36157216864285,14.250006102049213,2692.1879696200917,0.21366571187461048,5.0,1.0630134919134848
123,300,0.30100000000000005,3.5,8,254.63842783135715,45.36157216864285,14.250006102049213,2673.822402593447,0.2122081271899561,4.0,0.7050103893354022
124,300,0.401,3.5,8,254.63842783135715,45.36157216864285,14.250006102049213,2664.710675390533,0.21148497423734391,3.0,0.5273939507165682
125,300,0.501,3.5,8,254.63842783135715,45.36157216864285,14.250006102049213,2659.2661662784158,0.2110528703395568,2.0,0.42126321425061236
126,300,0.6010000000000001,3.5,8,254.63842783135715,45.36157216864285,14.250006102049213,2655.6458315779837,0.21076554218872887,2.0,0.35069141795129594
127,300,0.7010000000000001,3.5,8,254.63842783135715,45.36157216864285,14.250006102049213,2653.0644368372286,0.21056066959025624,2.0,0.3003718539090674
128,300,0.801,3.5,8,254.63842783135715,45.36157216864285,14.250006102049213,2651.1308780102427,0.21040721254049544,2.0,0.26268066484456365
129,300,0.901,3.5,8,254.63842783135715,45.36157216864285,14.250006102049213,2649.628470312196,0.21028797383430126,2.0,0.2333939776185364
130,300,0.001,3.75,8,254.63842783135715,45.36157216864285,14.250006102049213,LOSS,LOSS,LOSS,LOSS
131,300,0.101,3.75,8,254.63842783135715,45.36157216864285,14.250006102049213,2740.7736134494576,0.20302026766292278,10.0,2.010101660028938
132,300,0.201,3.75,8,254.63842783135715,45.36157216864285,14.250006102049213,2688.482406468202,0.19914684492357052,5.0,0.9907803230028385
133,300,0.30100000000000005,3.75,8,254.63842783135715,45.36157216864285,14.250006102049213,2671.38043721747,0.19788003238647928,4.0,0.6574087454700307
134,300,0.401,3.75,8,254.63842783135715,45.36157216864285,14.250006102049213,2662.8897314716696,0.1972510912201237,3.0,0.4918979830925777
135,300,0.501,3.75,8,254.63842783135715,45.36157216864285,14.250006102049213,2657.8144343234508,0.1968751432832186,2.0,0.3929643578507357
136,300,0.6010000000000001,3.75,8,254.63842783135715,45.36157216864285,14.250006102049213,2654.4388348182483,0.19662509887542579,2.0,0.32716322608223924
137,300,0.7010000000000001,3.75,8,254.63842783135715,45.36157216864285,14.250006102049213,2652.031565638084,0.19644678263985807,2.0,0.2802379210269016
138,300,0.801,3.75,8,254.63842783135715,45.36157216864285,14.250006102049213,2650.228227512881,0.19631320203799119,2.0,0.2450851461148454
139,300,0.901,3.75,8,254.63842783135715,45.36157216864285,14.250006102049213,2648.8268818371816,0.19620939865460604,2.0,0.21776847797403556
0,350,0.001,0.5,8,338.78988775356083,11.210112246439166,1.7767664619846997,LOSS,LOSS,LOSS,LOSS
1,350,0.101,0.5,8,338.78988775356083,11.210112246439166,1.7767664619846997,665.0914615455439,0.36949525641419106,10.0,3.65836887538803
2,350,0.201,0.5,8,338.78988775356083,11.210112246439166,1.7767664619846997,653.2400255636185,0.36291112531312136,5.0,1.8055279866324443
3,350,0.30100000000000005,0.5,8,338.78988775356083,11.210112246439166,1.7767664619846997,649.3573754263714,0.3607540974590952,4.0,1.1985185962096185
4,350,0.401,0.5,8,338.78988775356083,11.210112246439166,1.7767664619846997,647.4285230751817,0.3596825128195454,3.0,0.8969638723679436
5,350,0.501,0.5,8,338.78988775356083,11.210112246439166,1.7767664619846997,646.2751722015789,0.35904176233421053,2.0,0.7166502242199813
6,350,0.6010000000000001,0.5,8,338.78988775356083,11.210112246439166,1.7767664619846997,645.507914789788,0.35861550821654886,2.0,0.5966980169992492
7,350,0.7010000000000001,0.5,8,338.78988775356083,11.210112246439166,1.7767664619846997,644.9606763896373,0.35831148688313186,2.0,0.5111433479074635
8,350,0.801,0.5,8,338.78988775356083,11.210112246439166,1.7767664619846997,644.5506856726215,0.3580837142625675,2.0,0.4470458355337922
9,350,0.901,0.5,8,338.78988775356083,11.210112246439166,1.7767664619846997,644.2320632392988,0.3579067017996104,2.0,0.39723274339579406
10,350,0.001,0.75,8,338.78988775356083,11.210112246439166,1.7767664619846997,LOSS,LOSS,LOSS,LOSS
11,350,0.101,0.75,8,338.78988775356083,11.210112246439166,1.7767664619846997,657.1040305079429,0.24337186315108994,10.0,2.409622407436534
12,350,0.201,0.75,8,338.78988775356083,11.210112246439166,1.7767664619846997,649.344510438241,0.24049796682897812,5.0,1.1965072976566078
13,350,0.30100000000000005,0.75,8,338.78988775356083,11.210112246439166,1.7767664619846997,646.7817185314055,0.2395487846412613,4.0,0.7958431383430608
14,350,0.401,0.75,8,338.78988775356083,11.210112246439166,1.7767664619846997,645.504723287623,0.2390758234398604,3.0,0.5961990609472828
15,350,0.501,0.75,8,338.78988775356083,11.210112246439166,1.7767664619846997,644.739928568876,0.23879256613662075,2.0,0.4766318685361691
16,350,0.6010000000000001,0.75,8,338.78988775356083,11.210112246439166,1.7767664619846997,644.2306484314951,0.23860394386351672,2.0,0.3970115538494453
17,350,0.7010000000000001,0.75,8,338.78988775356083,11.210112246439166,1.7767664619846997,643.8671620402781,0.23846931927417708,2.0,0.34018447827985304
18,350,0.801,0.75,8,338.78988775356083,11.210112246439166,1.7767664619846997,643.5947030199512,0.23836840852590788,2.0,0.2975885250011334
19,350,0.901,0.75,8,338.78988775356083,11.210112246439166,1.7767664619846997,643.3828826882478,0.2382899565512029,2.0,0.2644727597682607
20,350,0.001,1.0,8,338.78988775356083,11.210112246439166,1.7767664619846997,LOSS,LOSS,LOSS,LOSS
21,350,0.101,1.0,8,338.78988775356083,11.210112246439166,1.7767664619846997,653.1818294877078,0.18143939707991882,10.0,1.7964296740586019
22,350,0.201,1.0,8,338.78988775356083,11.210112246439166,1.7767664619846997,647.4141238932392,0.1798372566370109,5.0,0.894712719587119
23,350,0.30100000000000005,1.0,8,338.78988775356083,11.210112246439166,1.7767664619846997,645.5015371184368,0.17930598253289912,4.0,0.5957009386475053
24,350,0.401,1.0,8,338.78988775356083,11.210112246439166,1.7767664619846997,644.547104385849,0.1790408623294025,3.0,0.4464859409710785
25,350,0.501,1.0,8,338.78988775356083,11.210112246439166,1.7767664619846997,643.9750387661952,0.178881955212832,2.0,0.35704981080405596
26,350,0.6010000000000001,1.0,8,338.78988775356083,11.210112246439166,1.7767664619846997,643.5939088738752,0.17877608579829868,2.0,0.2974643690487498
27,350,0.7010000000000001,1.0,8,338.78988775356083,11.210112246439166,1.7767664619846997,643.3217942070337,0.1787004983908427,2.0,0.2549222516274503
28,350,0.801,1.0,8,338.78988775356083,11.210112246439166,1.7767664619846997,643.1177743240829,0.17864382620113414,2.0,0.22302600025110378
29,350,0.901,1.0,8,338.78988775356083,11.210112246439166,1.7767664619846997,642.959131356528,0.17859975871014666,2.0,0.1982239275362338
30,350,0.001,1.25,8,338.78988775356083,11.210112246439166,1.7767664619846997,LOSS,LOSS,LOSS,LOSS
31,350,0.101,1.25,8,338.78988775356083,11.210112246439166,1.7767664619846997,650.850903522293,0.1446335341160651,10.0,1.4320151892679713
32,350,0.201,1.25,8,338.78988775356083,11.210112246439166,1.7767664619846997,646.2613913074272,0.1436136425127616,5.0,0.7144957338943362
33,350,0.30100000000000005,1.25,8,338.78988775356083,11.210112246439166,1.7767664619846997,644.7358579058828,0.14327463509019617,4.0,0.475995465415934
34,350,0.401,1.25,8,338.78988775356083,11.210112246439166,1.7767664619846997,643.973895652455,0.14310531014499,3.0,0.35687109761842895
35,350,0.501,1.25,8,338.78988775356083,11.210112246439166,1.7767664619846997,643.5169753978295,0.14300377231062877,2.0,0.2854366712787001
36,350,0.6010000000000001,1.25,8,338.78988775356083,11.210112246439166,1.7767664619846997,643.2124689433833,0.14293610420964073,2.0,0.2378304562556418
37,350,0.7010000000000001,1.25,8,338.78988775356083,11.210112246439166,1.7767664619846997,642.9950167413626,0.1428877814980806,2.0,0.2038342104109566
38,350,0.801,1.25,8,338.78988775356083,11.210112246439166,1.7767664619846997,642.8319562415714,0.1428515458314603,2.0,0.17834150540756594
39,350,0.901,1.25,8,338.78988775356083,11.210112246439166,1.7767664619846997,642.7051483832236,0.14282336630738302,2.0,0.15851649978621865
40,350,0.001,1.5,8,338.78988775356083,11.210112246439166,1.7767664619846997,LOSS,LOSS,LOSS,LOSS
41,350,0.101,1.5,8,338.78988775356083,11.210112246439166,1.7767664619846997,649.3061732492359,0.1202418839350437,10.0,1.190513702327165
42,350,0.201,1.5,8,338.78988775356083,11.210112246439166,1.7767664619846997,645.4951807256206,0.11953614457881863,5.0,0.5947071869592967
43,350,0.30100000000000005,1.5,8,338.78988775356083,11.210112246439166,1.7767664619846997,644.2264134459406,0.11930118767517418,4.0,0.3963494607148644
44,350,0.401,1.5,8,338.78988775356083,11.210112246439166,1.7767664619846997,643.5923225680043,0.11918376343851932,3.0,0.2972163676771055
45,350,0.501,1.5,8,338.78988775356083,11.210112246439166,1.7767664619846997,643.2119616731756,0.11911332623577324,2.0,0.23775115017120407
46,350,0.6010000000000001,1.5,8,338.78988775356083,11.210112246439166,1.7767664619846997,642.9584267445941,0.11906637532307299,2.0,0.19811376925636096
47,350,0.7010000000000001,1.5,8,338.78988775356083,11.210112246439166,1.7767664619846997,642.7773494659382,0.11903284249369227,2.0,0.16980434021924715
48,350,0.801,1.5,8,338.78988775356083,11.210112246439166,1.7767664619846997,642.6415519502128,0.11900769480559498,2.0,0.14857390113058047
49,350,0.901,1.5,8,338.78988775356083,11.210112246439166,1.7767664619846997,642.535937848172,0.11898813663855037,2.0,0.1320623048152612
50,350,0.001,1.75,8,338.78988775356083,11.210112246439166,1.7767664619846997,LOSS,LOSS,LOSS,LOSS
51,350,0.101,1.75,8,338.78988775356083,11.210112246439166,1.7767664619846997,648.2072761885623,0.10289004383945434,10.0,1.018713305341132
52,350,0.201,1.75,8,338.78988775356083,11.210112246439166,1.7767664619846997,644.9489988662768,0.10237285696290109,5.0,0.5093176963328412
53,350,0.30100000000000005,1.75,8,338.78988775356083,11.210112246439166,1.7767664619846997,643.8630171772645,0.1022004789170261,4.0,0.3395364748073956
54,350,0.401,1.75,8,338.78988775356083,11.210112246439166,1.7767664619846997,643.3200470963291,0.10211429318989351,3.0,0.25464911019923564
55,350,0.501,1.75,8,338.78988775356083,11.210112246439166,1.7767664619846997,642.9942716918057,0.10206258280822313,2.0,0.20371773015613395
56,350,0.6010000000000001,1.75,8,338.78988775356083,11.210112246439166,1.7767664619846997,642.7770908570685,0.10202810965985214,2.0,0.1697639095837806
57,350,0.7010000000000001,1.75,8,338.78988775356083,11.210112246439166,1.7767664619846997,642.6219630452684,0.10200348619766167,2.0,0.14551139257868995
58,350,0.801,1.75,8,338.78988775356083,11.210112246439166,1.7767664619846997,642.5056179279009,0.10198501871871443,2.0,0.12732212074745872
59,350,0.901,1.75,8,338.78988775356083,11.210112246439166,1.7767664619846997,642.4151277204528,0.10197065519372267,2.0,0.11317497801745023
60,350,0.001,2.0,8,338.78988775356083,11.210112246439166,1.7767664619846997,5749.057472336196,0.7984802044911383,1000.0,798.4802044911382
61,350,0.101,2.0,8,338.78988775356083,11.210112246439166,1.7767664619846997,647.3855412762739,0.0899146585105936,10.0,0.8902441436692436
62,350,0.201,2.0,8,338.78988775356083,11.210112246439166,1.7767664619846997,644.539968656973,0.08951944009124625,5.0,0.4453703487126679
63,350,0.30100000000000005,2.0,8,338.78988775356083,11.210112246439166,1.7767664619846997,643.5907389049934,0.08938760262569352,4.0,0.29696877948735384
64,350,0.401,2.0,8,338.78988775356083,11.210112246439166,1.7767664619846997,643.1159916285014,0.08932166550395854,3.0,0.22274729552109357
65,350,0.501,2.0,8,338.78988775356083,11.210112246439166,1.7767664619846997,642.8311008802617,0.0892820973444808,2.0,0.17820777913070018
66,350,0.6010000000000001,2.0,8,338.78988775356083,11.210112246439166,1.7767664619846997,642.6411560521739,0.08925571611835748,2.0,0.1485120068525083
67,350,0.7010000000000001,2.0,8,338.78988775356083,11.210112246439166,1.7767664619846997,642.5054725228671,0.08923687118373154,2.0,0.1272993882792176
68,350,0.801,2.0,8,338.78988775356083,11.210112246439166,1.7767664619846997,642.4037051438731,0.08922273682553794,2.0,0.11138918455123337
69,350,0.901,2.0,8,338.78988775356083,11.210112246439166,1.7767664619846997,642.3245499336585,0.08921174304634147,2.0,0.0990141432256842
70,350,0.001,2.25,8,338.78988775356083,11.210112246439166,1.7767664619846997,3050.9360152990503,0.37665876732087045,1000.0,376.65876732087037
71,350,0.101,2.25,8,338.78988775356083,11.210112246439166,1.7767664619846997,646.7478531016819,0.0798454139631706,10.0,0.7905486531006992
72,350,0.201,2.25,8,338.78988775356083,11.210112246439166,1.7767664619846997,644.2221925621748,0.07953360402002158,5.0,0.3956895722389133
73,350,0.30100000000000005,2.25,8,338.78988775356083,11.210112246439166,1.7767664619846997,643.3791260713248,0.07942952173720058,4.0,0.26388545427641386
74,350,0.401,2.25,8,338.78988775356083,11.210112246439166,1.7767664619846997,642.9573712938634,0.07937745324615597,3.0,0.197948761212359
75,350,0.501,2.25,8,338.78988775356083,11.210112246439166,1.7767664619846997,642.7042474924235,0.07934620339412636,2.0,0.1583756554772981
76,350,0.6010000000000001,2.25,8,338.78988775356083,11.210112246439166,1.7767664619846997,642.5354687248719,0.07932536650924343,2.0,0.1319889625777761
77,350,0.7010000000000001,2.25,8,338.78988775356083,11.210112246439166,1.7767664619846997,642.4148979774766,0.07931048123178723,2.0,0.11313906024506024
78,350,0.801,2.25,8,338.78988775356083,11.210112246439166,1.7767664619846997,642.324461994274,0.07929931629558938,2.0,0.09900039487589186
79,350,0.901,2.25,8,338.78988775356083,11.210112246439166,1.7767664619846997,642.2541182007717,0.07929063187663847,2.0,0.08800292106175192
80,350,0.001,2.5,8,338.78988775356083,11.210112246439166,1.7767664619846997,2218.132823535761,0.24645920261508453,1001.0,246.45920261508456
81,350,0.101,2.5,8,338.78988775356083,11.210112246439166,1.7767664619846997,646.2386063657333,0.07180428959619259,10.0,0.7109335603583425
82,350,0.201,2.5,8,338.78988775356083,11.210112246439166,1.7767664619846997,643.9681972056931,0.07155202191174367,5.0,0.3559802085161376
83,350,0.30100000000000005,2.5,8,338.78988775356083,11.210112246439166,1.7767664619846997,643.2099359708877,0.07146777066343198,4.0,0.23743445403133534
84,350,0.401,2.5,8,338.78988775356083,11.210112246439166,1.7767664619846997,642.8305313516745,0.0714256145946305,3.0,0.17811873963748256
85,350,0.501,2.5,8,338.78988775356083,11.210112246439166,1.7767664619846997,642.602800823515,0.07140031120261278,2.0,0.14251559122278
86,350,0.6010000000000001,2.5,8,338.78988775356083,11.210112246439166,1.7767664619846997,642.4509438885239,0.07138343820983598,2.0,0.11877443961703159
87,350,0.7010000000000001,2.5,8,338.78988775356083,11.210112246439166,1.7767664619846997,642.3424567255452,0.07137138408061613,2.0,0.1018136720122912
88,350,0.801,2.5,8,338.78988775356083,11.210112246439166,1.7767664619846997,642.2610815491622,0.07136234239435135,2.0,0.08909156353851606
89,350,0.901,2.5,8,338.78988775356083,11.210112246439166,1.7767664619846997,642.1977839345093,0.07135530932605658,2.0,0.07919568182692185
90,350,0.001,2.75,8,338.78988775356083,11.210112246439166,1.7767664619846997,1813.1833581563833,0.18314983415721042,1000.0,183.14983415721042
91,350,0.101,2.75,8,338.78988775356083,11.210112246439166,1.7767664619846997,645.822546058902,0.06523460061201031,10.0,0.6458871347723792
92,350,0.201,2.75,8,338.78988775356083,11.210112246439166,1.7767664619846997,643.7605317465141,0.06502631633803173,5.0,0.3235140116319986
93,350,0.30100000000000005,2.75,8,338.78988775356083,11.210112246439166,1.7767664619846997,643.0715738792551,0.06495672463426819,4.0,0.21580307187464512
94,350,0.401,2.75,8,338.78988775356083,11.210112246439166,1.7767664619846997,642.7267904346338,0.06492189802370038,3.0,0.16189999507157202
95,350,0.501,2.75,8,338.78988775356083,11.210112246439166,1.7767664619846997,642.51982282096,0.06490099220413738,2.0,0.12954289861105267
96,350,0.6010000000000001,2.75,8,338.78988775356083,11.210112246439166,1.7767664619846997,642.3818037433426,0.06488705088316592,2.0,0.10796514290044246
97,350,0.7010000000000001,2.75,8,338.78988775356083,11.210112246439166,1.7767664619846997,642.2831987610863,0.06487709078394811,2.0,0.09254934491290744
98,350,0.801,2.75,8,338.78988775356083,11.210112246439166,1.7767664619846997,642.2092341240257,0.06486961960848744,2.0,0.08098579227027146
99,350,0.901,2.75,8,338.78988775356083,11.210112246439166,1.7767664619846997,642.1516996122315,0.06486380804163953,2.0,0.07199090792634799
100,350,0.001,3.0,8,338.78988775356083,11.210112246439166,1.7767664619846997,1573.7580763423152,0.14571834040206622,1001.0,145.71834040206625
101,350,0.101,3.0,8,338.78988775356083,11.210112246439166,1.7767664619846997,645.4762381587766,0.05976631834803487,10.0,0.591745726218167
102,350,0.201,3.0,8,338.78988775356083,11.210112246439166,1.7767664619846997,643.5875794811761,0.05959144254455335,5.0,0.2964748385301161
103,350,0.30100000000000005,3.0,8,338.78988775356083,11.210112246439166,1.7767664619846997,642.9563175998295,0.05953299237035459,4.0,0.19778402780848695
104,350,0.401,3.0,8,338.78988775356083,11.210112246439166,1.7767664619846997,642.6403652448333,0.05950373752266975,3.0,0.14838837287448817
105,350,0.501,3.0,8,338.78988775356083,11.210112246439166,1.7767664619846997,642.4506908535421,0.05948617507903168,2.0,0.11873488039726882
106,350,0.6010000000000001,3.0,8,338.78988775356083,11.210112246439166,1.7767664619846997,642.3241983225865,0.059474462807646906,2.0,0.09895917272487004
107,350,0.7010000000000001,3.0,8,338.78988775356083,11.210112246439166,1.7767664619846997,642.2338254753286,0.05946609495141931,2.0,0.08483037796208173
108,350,0.801,3.0,8,338.78988775356083,11.210112246439166,1.7767664619846997,642.1660343304284,0.05945981799355818,2.0,0.07423198251380547
109,350,0.901,3.0,8,338.78988775356083,11.210112246439166,1.7767664619846997,642.113301062432,0.05945493528355852,2.0,0.06598771951560323
110,350,0.001,3.25,8,338.78988775356083,11.210112246439166,1.7767664619846997,1415.5912222099223,0.1209907027529848,1000.0,120.9907027529848
111,350,0.101,3.25,8,338.78988775356083,11.210112246439166,1.7767664619846997,645.1834983529382,0.05514388874811437,10.0,0.5459790965159838
112,350,0.201,3.25,8,338.78988775356083,11.210112246439166,1.7767664619846997,643.4413078249125,0.054994983574778854,5.0,0.27360688345661116
113,350,0.30100000000000005,3.25,8,338.78988775356083,11.210112246439166,1.7767664619846997,642.8588253199257,0.0549451987452928,4.0,0.18254218852256737
114,350,0.401,3.25,8,338.78988775356083,11.210112246439166,1.7767664619846997,642.5672543899792,0.05492027815298967,3.0,0.13695829963339073
115,350,0.501,3.25,8,338.78988775356083,11.210112246439166,1.7767664619846997,642.3922061918904,0.05490531676853764,2.0,0.10959145063580368
116,350,0.6010000000000001,3.25,8,338.78988775356083,11.210112246439166,1.7767664619846997,642.2754633432178,0.05489533874728357,2.0,0.09133999791561324
117,350,0.7010000000000001,3.25,8,338.78988775356083,11.210112246439166,1.7767664619846997,642.1920540082098,0.054888209744291434,2.0,0.07829987124720601
118,350,0.801,3.25,8,338.78988775356083,11.210112246439166,1.7767664619846997,642.1294851981228,0.054882861982745536,2.0,0.06851793006584961
119,350,0.901,3.25,8,338.78988775356083,11.210112246439166,1.7767664619846997,642.0808135684681,0.05487870201439898,2.0,0.06090865928346168
120,350,0.001,3.5,8,338.78988775356083,11.210112246439166,1.7767664619846997,1303.3168285720483,0.10343784353746414,1000.0,103.43784353746413
121,350,0.101,3.5,8,338.78988775356083,11.210112246439166,1.7767664619846997,644.9327897772977,0.051185142045817277,10.0,0.5067835846120522
122,350,0.201,3.5,8,338.78988775356083,11.210112246439166,1.7767664619846997,643.3159850281877,0.05105682420858632,5.0,0.25401405078898665
123,350,0.30100000000000005,3.5,8,338.78988775356083,11.210112246439166,1.7767664619846997,642.7752840374493,0.0510139114315436,4.0,0.16948143332738735
124,350,0.401,3.5,8,338.78988775356083,11.210112246439166,1.7767664619846997,642.5046011818613,0.05099242866522709,3.0,0.1271631637536835
125,350,0.501,3.5,8,338.78988775356083,11.210112246439166,1.7767664619846997,642.3420849563001,0.050979530552087315,2.0,0.1017555500041663
126,350,0.6010000000000001,3.5,8,338.78988775356083,11.210112246439166,1.7767664619846997,642.2336963894514,0.05097092828487709,2.0,0.0848101968134394
127,350,0.7010000000000001,3.5,8,338.78988775356083,11.210112246439166,1.7767664619846997,642.1562542180833,0.050964782080800256,2.0,0.07270297015806029
128,350,0.801,3.5,8,338.78988775356083,11.210112246439166,1.7767664619846997,642.0981606816226,0.050960171482668466,2.0,0.06362068849271968
129,350,0.901,3.5,8,338.78988775356083,11.210112246439166,1.7767664619846997,642.0529697614481,0.05095658490170224,2.0,0.05655558812619559
130,350,0.001,3.75,8,338.78988775356083,11.210112246439166,1.7767664619846997,1219.4917774663306,0.09033272425676522,1001.0,90.33272425676523
131,350,0.101,3.75,8,338.78988775356083,11.210112246439166,1.7767664619846997,644.7156665651353,0.04775671604186187,10.0,0.4728387726917016
132,350,0.201,3.75,8,338.78988775356083,11.210112246439166,1.7767664619846997,643.207411419478,0.04764499343847985,5.0,0.237039768350646
133,350,0.30100000000000005,3.75,8,338.78988775356083,11.210112246439166,1.7767664619846997,642.7028991539348,0.04760762215955073,4.0,0.158164857672926
134,350,0.401,3.75,8,338.78988775356083,11.210112246439166,1.7767664619846997,642.4503116169476,0.04758891197162575,3.0,0.11867559095168514
135,350,0.501,3.75,8,338.78988775356083,11.210112246439166,1.7767664619846997,642.2986528781742,0.04757767799097586,2.0,0.09496542513168836
136,350,0.6010000000000001,3.75,8,338.78988775356083,11.210112246439166,1.7767664619846997,642.1975027566375,0.047570185389380557,2.0,0.07915172277767146
137,350,0.7010000000000001,3.75,8,338.78988775356083,11.210112246439166,1.7767664619846997,642.125230961756,0.04756483192309303,2.0,0.06785282727973327
138,350,0.801,3.75,8,338.78988775356083,11.210112246439166,1.7767664619846997,642.0710152393121,0.04756081594365275,2.0,0.05937679893090231
139,350,0.901,3.75,8,338.78988775356083,11.210112246439166,1.7767664619846997,642.028840415336,0.047557691882617485,2.0,0.052783231834203644
