,Altitude(km),2000,2001,2002,2003,2004,2005,2006,2007,2008,2009,2010,2011,2012,2013,2014,2015,2016,2017,2018,2019,2020,2021,2022,2023,2024,2025,2026,2027,2028,2029,2030,2031,2032,2033,2034,2035,2036,2037,2038,2039,2040,2041,2042,2043,2044,2045,2046,2047,2048,2049
0,150,1.8893905e-09,1.8908895e-09,1.8913891666666667e-09,1.891639e-09,1.8911892999999997e-09,1.8913891666666667e-09,1.8915319285714286e-09,1.891639e-09,1.8913891666666667e-09,1.8914891e-09,1.8915708636363637e-09,1.891639e-09,1.8914660384615384e-09,1.8915319285714286e-09,1.8915890333333332e-09,1.891639e-09,1.8915067352941176e-09,1.891555722222222e-09,1.891599552631579e-09,1.891639e-09,1.8915319285714286e-09,1.8915708636363637e-09,1.8916064130434785e-09,1.891639e-09,1.89154906e-09,1.891581346153846e-09,1.8916112407407406e-09,1.891639e-09,1.8915614655172413e-09,1.8915890333333332e-09,1.8916148225806453e-09,1.891639e-09,1.8915708636363637e-09,1.8915949117647057e-09,1.8916175857142858e-09,1.891639e-09,1.89157822972973e-09,1.891599552631579e-09,1.891619782051282e-09,1.891639e-09,1.8915841585365853e-09,1.8916033095238095e-09,1.891621569767442e-09,1.891639e-09,1.8915890333333332e-09,1.8916064130434785e-09,1.8916230531914893e-09,1.891639e-09,1.891593112244898e-09,1.89160902e-09
1,160,1.1234795e-09,1.1243895e-09,1.1246928333333333e-09,1.1248445e-09,1.1245715e-09,1.1246928333333333e-09,1.1247795e-09,1.1248445e-09,1.1246928333333333e-09,1.1247535000000002e-09,1.1248031363636365e-09,1.1248445e-09,1.1247395e-09,1.1247795e-09,1.1248141666666666e-09,1.1248445e-09,1.124764205882353e-09,1.1247939444444445e-09,1.124820552631579e-09,1.1248445e-09,1.1247795e-09,1.1248031363636365e-09,1.1248247173913044e-09,1.1248445e-09,1.1247899e-09,1.1248095e-09,1.1248276481481482e-09,1.1248445e-09,1.1247974310344828e-09,1.1248141666666666e-09,1.1248298225806453e-09,1.1248445e-09,1.1248031363636365e-09,1.1248177352941177e-09,1.1248315e-09,1.1248445e-09,1.1248076081081081e-09,1.124820552631579e-09,1.1248328333333333e-09,1.1248445e-09,1.1248112073170732e-09,1.1248228333333334e-09,1.1248339186046512e-09,1.1248445e-09,1.1248141666666668e-09,1.1248247173913044e-09,1.124834819148936e-09,1.1248445e-09,1.1248166428571428e-09,1.1248263e-09
2,170,7.082669e-10,7.0885645e-10,7.090529666666667e-10,7.091512250000001e-10,7.0897436e-10,7.090529666666667e-10,7.091091142857143e-10,7.091512250000001e-10,7.090529666666667e-10,7.090922700000001e-10,7.091244272727272e-10,7.09151225e-10,7.090832e-10,7.091091142857143e-10,7.091315733333333e-10,7.091512250000001e-10,7.090992058823529e-10,7.091184722222222e-10,7.091357105263158e-10,7.091512250000001e-10,7.091091142857144e-10,7.091244272727272e-10,7.091384086956521e-10,7.09151225e-10,7.09115852e-10,7.091285500000001e-10,7.091403074074074e-10,7.091512250000001e-10,7.091207310344828e-10,7.091315733333333e-10,7.091417161290322e-10,7.091512250000001e-10,7.091244272727273e-10,7.091338852941177e-10,7.091428028571429e-10,7.091512250000001e-10,7.091273243243243e-10,7.091357105263158e-10,7.091436666666667e-10,7.091512250000001e-10,7.09129656097561e-10,7.091371880952381e-10,7.091443697674418e-10,7.091512250000001e-10,7.091315733333333e-10,7.091384086956521e-10,7.091449531914894e-10,7.09151225e-10,7.091331775510203e-10,7.09139434e-10
3,180,4.658269e-10,4.6622365e-10,4.663559e-10,4.664220250000001e-10,4.663030000000001e-10,4.663559e-10,4.663936857142857e-10,4.664220250000001e-10,4.663559e-10,4.6638235e-10,4.664039909090909e-10,4.664220250000001e-10,4.663762461538461e-10,4.663936857142857e-10,4.664088e-10,4.664220250000001e-10,4.663870176470588e-10,4.663999833333333e-10,4.664115842105264e-10,4.664220250000001e-10,4.663936857142857e-10,4.664039909090909e-10,4.664134e-10,4.664220250000001e-10,4.6639822e-10,4.664067653846153e-10,4.664146777777777e-10,4.664220250000001e-10,4.664015034482759e-10,4.664088e-10,4.664156258064517e-10,4.664220250000001e-10,4.664039909090909e-10,4.664103558823529e-10,4.664163571428571e-10,4.664220250000001e-10,4.664059405405406e-10,4.664115842105264e-10,4.664169384615384e-10,4.664220250000001e-10,4.664075097560975e-10,4.664125785714285e-10,4.66417411627907e-10,4.66422025e-10,4.664088000000001e-10,4.664134e-10,4.664178042553191e-10,4.664220250000001e-10,4.664098795918368e-10,4.6641409e-10
4,190,3.163484e-10,3.16623825e-10,3.1671563333333334e-10,3.167615375e-10,3.1667891000000004e-10,3.1671563333333334e-10,3.1674186428571426e-10,3.167615375e-10,3.1671563333333334e-10,3.16733995e-10,3.167490181818182e-10,3.167615375e-10,3.167297576923077e-10,3.1674186428571426e-10,3.167523566666667e-10,3.167615375e-10,3.1673723529411763e-10,3.1674623611111113e-10,3.167542894736842e-10,3.167615375e-10,3.167418642857143e-10,3.167490181818182e-10,3.1675555e-10,3.167615375e-10,3.16745012e-10,3.1675094423076927e-10,3.1675643703703704e-10,3.167615375e-10,3.167472913793104e-10,3.167523566666667e-10,3.1675709516129033e-10,3.167615375e-10,3.167490181818182e-10,3.167534367647059e-10,3.167576028571429e-10,3.1676153749999997e-10,3.167503716216216e-10,3.167542894736842e-10,3.167580064102564e-10,3.167615375e-10,3.1675146097560975e-10,3.1675497976190477e-10,3.16758334883721e-10,3.1676153749999997e-10,3.1675235666666664e-10,3.1675555e-10,3.167586074468085e-10,3.167615375e-10,3.16753106122449e-10,3.16756029e-10
5,200,2.2029915e-10,2.2049530000000002e-10,2.2056068333333334e-10,2.20593375e-10,2.2053453e-10,2.2056068333333334e-10,2.2057936428571426e-10,2.20593375e-10,2.2056068333333334e-10,2.2057376e-10,2.205844590909091e-10,2.2059337500000003e-10,2.2057074230769231e-10,2.2057936428571426e-10,2.2058683666666665e-10,2.20593375e-10,2.2057606764705882e-10,2.2058247777777777e-10,2.2058821315789475e-10,2.20593375e-10,2.2057936428571428e-10,2.205844590909091e-10,2.2058911086956522e-10,2.2059337500000003e-10,2.2058160599999999e-10,2.205858307692308e-10,2.2058974259259258e-10,2.2059337499999997e-10,2.2058322931034483e-10,2.2058683666666665e-10,2.205902112903226e-10,2.20593375e-10,2.205844590909091e-10,2.2058760588235293e-10,2.2059057285714288e-10,2.20593375e-10,2.2058542297297297e-10,2.2058821315789475e-10,2.2059086025641024e-10,2.20593375e-10,2.205861987804878e-10,2.2058870476190478e-10,2.205910941860465e-10,2.20593375e-10,2.2058683666666667e-10,2.2058911086956522e-10,2.2059128829787232e-10,2.2059337500000003e-10,2.2058737040816326e-10,2.20589452e-10
6,210,1.5655945e-10,1.567018e-10,1.5674925e-10,1.5677297499999998e-10,1.5673027e-10,1.5674925e-10,1.5676280714285715e-10,1.5677297499999998e-10,1.5674925e-10,1.5675873999999998e-10,1.5676650454545454e-10,1.56772975e-10,1.5675655e-10,1.5676280714285715e-10,1.5676823e-10,1.5677297499999998e-10,1.5676041470588236e-10,1.5676506666666665e-10,1.5676922894736842e-10,1.56772975e-10,1.5676280714285715e-10,1.5676650454545454e-10,1.567698804347826e-10,1.56772975e-10,1.56764434e-10,1.567675e-10,1.5677033888888887e-10,1.56772975e-10,1.5676561206896553e-10,1.5676823e-10,1.5677067903225806e-10,1.5677297499999998e-10,1.5676650454545452e-10,1.567687882352941e-10,1.5677094142857144e-10,1.56772975e-10,1.5676720405405406e-10,1.5676922894736842e-10,1.5677115e-10,1.56772975e-10,1.5676776707317074e-10,1.5676958571428571e-10,1.5677131976744185e-10,1.5677297499999998e-10,1.5676823e-10,1.567698804347826e-10,1.5677146063829788e-10,1.56772975e-10,1.5676861734693877e-10,1.5677012800000001e-10
7,220,1.13155e-10,1.13259975e-10,1.1329496666666666e-10,1.133124625e-10,1.1328097e-10,1.1329496666666666e-10,1.1330496428571429e-10,1.133124625e-10,1.1329496666666667e-10,1.13301965e-10,1.1330769090909091e-10,1.1331246249999999e-10,1.1330035e-10,1.1330496428571429e-10,1.1330896333333334e-10,1.133124625e-10,1.133032e-10,1.1330663055555555e-10,1.1330969999999999e-10,1.133124625e-10,1.1330496428571429e-10,1.1330769090909091e-10,1.133101804347826e-10,1.1331246249999999e-10,1.13306164e-10,1.13308425e-10,1.1331051851851853e-10,1.133124625e-10,1.1330703275862069e-10,1.1330896333333334e-10,1.133107693548387e-10,1.133124625e-10,1.1330769090909091e-10,1.13309375e-10,1.1331096285714286e-10,1.1331246249999999e-10,1.1330820675675675e-10,1.1330969999999999e-10,1.1331111666666667e-10,1.133124625e-10,1.1330862195121952e-10,1.1330996309523809e-10,1.1331124186046513e-10,1.1331246249999999e-10,1.1330896333333332e-10,1.133101804347826e-10,1.1331134574468086e-10,1.1331246249999999e-10,1.1330924897959183e-10,1.13310363e-10
8,230,8.2967195e-11,8.3045825e-11,8.3072035e-11,8.308514e-11,8.3061551e-11,8.3072035e-11,8.307952357142857e-11,8.308514e-11,8.307203500000001e-11,8.3077277e-11,8.308156590909091e-11,8.308514e-11,8.307606730769231e-11,8.307952357142857e-11,8.308251900000001e-11,8.308514e-11,8.307820205882354e-11,8.308077166666667e-11,8.308307078947368e-11,8.308513999999999e-11,8.307952357142857e-11,8.308156590909091e-11,8.308343065217391e-11,8.308514e-11,8.30804222e-11,8.308211576923077e-11,8.308368388888889e-11,8.308513999999999e-11,8.308107293103448e-11,8.308251900000001e-11,8.308387177419355e-11,8.308514e-11,8.308156590909091e-11,8.308282735294117e-11,8.308401671428571e-11,8.308514e-11,8.30819522972973e-11,8.308307078947368e-11,8.308413192307693e-11,8.308513999999999e-11,8.308226329268293e-11,8.308326785714286e-11,8.308422569767441e-11,8.308514e-11,8.308251900000001e-11,8.308343065217391e-11,8.30843035106383e-11,8.308514e-11,8.308273295918367e-11,8.30835674e-11
9,240,6.1598005e-11,6.1657565e-11,6.167741833333334e-11,6.168734500000001e-11,6.166947700000001e-11,6.167741833333334e-11,6.168309071428572e-11,6.168734500000001e-11,6.167741833333332e-11,6.168138900000001e-11,6.168463772727273e-11,6.168734500000001e-11,6.168047269230769e-11,6.168309071428572e-11,6.168535966666667e-11,6.168734500000001e-11,6.168208970588235e-11,6.168403611111112e-11,6.168577763157895e-11,6.1687345e-11,6.168309071428572e-11,6.168463772727273e-11,6.16860502173913e-11,6.168734500000001e-11,6.16837714e-11,6.168505423076922e-11,6.168624203703704e-11,6.1687345e-11,6.168426431034483e-11,6.168535966666667e-11,6.168638435483871e-11,6.168734500000001e-11,6.168463772727273e-11,6.168559323529411e-11,6.168649414285714e-11,6.1687345e-11,6.168493040540541e-11,6.168577763157895e-11,6.168658141025641e-11,6.1687345e-11,6.168516597560975e-11,6.16859269047619e-11,6.168665244186046e-11,6.168734500000001e-11,6.168535966666667e-11,6.16860502173913e-11,6.168671138297872e-11,6.168734500000001e-11,6.168552173469387e-11,6.16861538e-11
10,250,4.6241655000000005e-11,4.62872925e-11,4.6302505e-11,4.631011125e-11,4.629642e-11,4.6302505e-11,4.6306851428571424e-11,4.631011125e-11,4.6302505e-11,4.63055475e-11,4.630803681818182e-11,4.631011125e-11,4.630484538461539e-11,4.6306851428571424e-11,4.630859e-11,4.631011125e-11,4.63060844117647e-11,4.630757583333333e-11,4.630891026315789e-11,4.6310111250000004e-11,4.630685142857143e-11,4.630803681818182e-11,4.6309119130434784e-11,4.631011125e-11,4.6307373e-11,4.630835596153846e-11,4.630926611111111e-11,4.6310111250000004e-11,4.630775068965517e-11,4.630859e-11,4.6309375161290326e-11,4.631011125e-11,4.6308036818181815e-11,4.6308768970588236e-11,4.630945928571429e-11,4.631011125e-11,4.630826108108109e-11,4.630891026315789e-11,4.630952615384615e-11,4.6310111250000004e-11,4.6308441585365855e-11,4.6309024642857144e-11,4.6309580581395354e-11,4.631011125e-11,4.630859e-11,4.6309119130434784e-11,4.630962574468085e-11,4.631011125e-11,4.630871418367347e-11,4.63091985e-11
11,260,3.5060765e-11,3.50960625e-11,3.5107828333333335e-11,3.511371125e-11,3.5103122e-11,3.5107828333333335e-11,3.511119e-11,3.511371125e-11,3.5107828333333335e-11,3.51101815e-11,3.511210681818182e-11,3.511371125e-11,3.5109638461538464e-11,3.511119e-11,3.511253466666667e-11,3.511371125e-11,3.511059676470588e-11,3.511175027777778e-11,3.5112782368421054e-11,3.511371125e-11,3.511119e-11,3.511210681818182e-11,3.511294391304348e-11,3.511371125e-11,3.51115934e-11,3.511235365384615e-11,3.511305759259259e-11,3.511371125e-11,3.511188551724138e-11,3.511253466666667e-11,3.511314193548387e-11,3.511371125e-11,3.511210681818182e-11,3.51126730882353e-11,3.5113207000000005e-11,3.511371125e-11,3.511228027027027e-11,3.5112782368421054e-11,3.511325871794872e-11,3.511371125e-11,3.5112419878048785e-11,3.5112870833333335e-11,3.5113300813953485e-11,3.511371125e-11,3.511253466666667e-11,3.511294391304348e-11,3.511333574468085e-11,3.511371125e-11,3.511263071428572e-11,3.5113005299999995e-11
12,270,2.6825135e-11,2.6852657500000002e-11,2.6861831666666666e-11,2.686641875e-11,2.6858162e-11,2.6861831666666666e-11,2.6864452857142858e-11,2.686641875e-11,2.6861831666666666e-11,2.6863666499999998e-11,2.6865167727272725e-11,2.6866418750000002e-11,2.686324307692308e-11,2.6864452857142858e-11,2.6865501333333334e-11,2.686641875e-11,2.6863990294117645e-11,2.6864889722222223e-11,2.686569447368421e-11,2.6866418750000002e-11,2.6864452857142858e-11,2.6865167727272725e-11,2.686582043478261e-11,2.6866418750000002e-11,2.68647674e-11,2.6865360192307692e-11,2.6865909074074076e-11,2.686641875e-11,2.6864995172413794e-11,2.6865501333333334e-11,2.6865974838709674e-11,2.686641875e-11,2.686516772727273e-11,2.6865609264705882e-11,2.686602557142857e-11,2.686641875e-11,2.6865302972972972e-11,2.686569447368421e-11,2.68660658974359e-11,2.6866418750000002e-11,2.686541182926829e-11,2.686576345238095e-11,2.6866098720930232e-11,2.686641875e-11,2.686550133333333e-11,2.686582043478261e-11,2.6866125957446808e-11,2.6866418750000002e-11,2.6865576224489792e-11,2.6865868300000003e-11
13,280,2.0695215e-11,2.0716822499999998e-11,2.0724025e-11,2.072762625e-11,2.0721144000000002e-11,2.0724025e-11,2.0726082857142858e-11,2.072762625e-11,2.0724025e-11,2.07254655e-11,2.072664409090909e-11,2.072762625e-11,2.0725133076923077e-11,2.0726082857142858e-11,2.0726906e-11,2.072762625e-11,2.0725719705882353e-11,2.0726425833333334e-11,2.0727057631578945e-11,2.072762625e-11,2.0726082857142858e-11,2.072664409090909e-11,2.072715652173913e-11,2.072762625e-11,2.07263298e-11,2.0726795192307693e-11,2.072722611111111e-11,2.072762625e-11,2.0726508620689658e-11,2.0726906e-11,2.0727277741935483e-11,2.072762625e-11,2.072664409090909e-11,2.072699073529412e-11,2.0727317571428573e-11,2.0727626249999997e-11,2.072675027027027e-11,2.0727057631578945e-11,2.0727349230769232e-11,2.072762625e-11,2.0726835731707317e-11,2.0727111785714286e-11,2.0727375000000002e-11,2.072762625e-11,2.0726906e-11,2.072715652173913e-11,2.0727396382978722e-11,2.072762625e-11,2.072696479591837e-11,2.07271941e-11
14,290,1.6088980000000002e-11,1.61061025e-11,1.611181e-11,1.611466375e-11,1.6109527e-11,1.611181e-11,1.6113440714285715e-11,1.611466375e-11,1.611181e-11,1.61129515e-11,1.6113885454545453e-11,1.611466375e-11,1.6112688076923077e-11,1.6113440714285715e-11,1.6114093e-11,1.611466375e-11,1.611315294117647e-11,1.61137125e-11,1.6114213157894738e-11,1.611466375e-11,1.6113440714285715e-11,1.6113885454545453e-11,1.611429152173913e-11,1.611466375e-11,1.61136364e-11,1.611400519230769e-11,1.6114346666666665e-11,1.611466375e-11,1.6113778103448277e-11,1.6114093e-11,1.611438758064516e-11,1.611466375e-11,1.6113885454545456e-11,1.6114160147058823e-11,1.6114419142857143e-11,1.6114663750000002e-11,1.611396959459459e-11,1.6114213157894738e-11,1.6114444230769228e-11,1.611466375e-11,1.611403731707317e-11,1.6114256071428572e-11,1.611446465116279e-11,1.6114663750000002e-11,1.6114093e-11,1.611429152173913e-11,1.611448159574468e-11,1.611466375e-11,1.6114139591836734e-11,1.61143213e-11
15,300,1.2597194999999998e-11,1.26108375e-11,1.2615385e-11,1.261765875e-11,1.2613566000000001e-11,1.2615385e-11,1.2616684285714285e-11,1.261765875e-11,1.2615384999999999e-11,1.2616294499999999e-11,1.2617038636363637e-11,1.261765875e-11,1.2616084615384615e-11,1.2616684285714285e-11,1.2617204e-11,1.261765875e-11,1.2616455000000001e-11,1.2616900833333333e-11,1.2617299736842105e-11,1.261765875e-11,1.2616684285714285e-11,1.2617038636363637e-11,1.2617362173913043e-11,1.261765875e-11,1.2616840199999999e-11,1.2617134038461537e-11,1.261740611111111e-11,1.2617658750000001e-11,1.2616953103448275e-11,1.2617204e-11,1.2617438709677419e-11,1.261765875e-11,1.2617038636363637e-11,1.26172575e-11,1.2617463857142857e-11,1.261765875e-11,1.2617105675675675e-11,1.2617299736842105e-11,1.2617483846153847e-11,1.261765875e-11,1.2617159634146343e-11,1.2617333928571429e-11,1.261750011627907e-11,1.261765875e-11,1.2617204e-11,1.2617362173913043e-11,1.2617513617021277e-11,1.261765875e-11,1.2617241122448979e-11,1.2617385899999999e-11
16,310,9.928602e-12,9.93950875e-12,9.943144333333333e-12,9.944962125000001e-12,9.9416901e-12,9.943144333333333e-12,9.94418307142857e-12,9.944962125000001e-12,9.943144333333333e-12,9.94387145e-12,9.944466363636363e-12,9.944962125000001e-12,9.943703653846155e-12,9.94418307142857e-12,9.944598566666665e-12,9.944962125000001e-12,9.943999764705882e-12,9.944356194444444e-12,9.944675105263157e-12,9.944962125000001e-12,9.944183071428572e-12,9.944466363636363e-12,9.94472502173913e-12,9.944962125000001e-12,9.94430772e-12,9.944542634615384e-12,9.944760148148148e-12,9.944962125e-12,9.944397982758621e-12,9.944598566666665e-12,9.94478620967742e-12,9.944962125000001e-12,9.944466363636365e-12,9.944641338235294e-12,9.944806314285714e-12,9.944962125e-12,9.944519959459458e-12,9.944675105263157e-12,9.944822294871794e-12,9.944962125000001e-12,9.944563097560976e-12,9.94470244047619e-12,9.94483530232558e-12,9.944962125e-12,9.944598566666667e-12,9.94472502173913e-12,9.94484609574468e-12,9.944962125000001e-12,9.94462824489796e-12,9.94474399e-12
17,320,7.8734205e-12,7.8822065e-12,7.885135166666666e-12,7.8865995e-12,7.8839637e-12,7.885135166666666e-12,7.88597192857143e-12,7.8865995e-12,7.885135166666666e-12,7.885720900000001e-12,7.886200136363635e-12,7.8865995e-12,7.885585730769231e-12,7.88597192857143e-12,7.886306633333334e-12,7.8865995e-12,7.885824264705883e-12,7.886111388888889e-12,7.886368289473684e-12,7.8865995e-12,7.885971928571428e-12,7.886200136363635e-12,7.8864085e-12,7.8865995e-12,7.88607234e-12,7.886261576923078e-12,7.886436796296295e-12,7.8865995e-12,7.886145051724137e-12,7.886306633333334e-12,7.88645779032258e-12,7.8865995e-12,7.886200136363637e-12,7.886341088235295e-12,7.886473985714285e-12,7.8865995e-12,7.88624331081081e-12,7.886368289473684e-12,7.88648685897436e-12,7.8865995e-12,7.886278060975609e-12,7.88639030952381e-12,7.886497337209302e-12,7.886599500000001e-12,7.886306633333334e-12,7.8864085e-12,7.886506031914894e-12,7.8865995e-12,7.886330540816327e-12,7.886423779999999e-12
18,330,6.279317499999999e-12,6.2864215e-12,6.288789499999999e-12,6.2899735e-12,6.2878423e-12,6.288789499999999e-12,6.289466071428571e-12,6.2899735e-12,6.2887895e-12,6.2892630999999996e-12,6.289650590909091e-12,6.2899735e-12,6.289153807692308e-12,6.289466071428571e-12,6.2897367e-12,6.2899735e-12,6.2893466764705875e-12,6.2895788333333334e-12,6.289786552631579e-12,6.2899735e-12,6.289466071428571e-12,6.289650590909091e-12,6.289819065217391e-12,6.2899735e-12,6.289547259999999e-12,6.289700269230769e-12,6.289841944444445e-12,6.289973499999999e-12,6.289606051724138e-12,6.2897367e-12,6.289858919354838e-12,6.2899735e-12,6.2896505909090915e-12,6.289764558823529e-12,6.289872014285714e-12,6.2899735e-12,6.2896855e-12,6.289786552631579e-12,6.289882423076923e-12,6.2899735e-12,6.289713597560975e-12,6.2898043571428575e-12,6.289890895348837e-12,6.289973499999999e-12,6.2897367e-12,6.289819065217391e-12,6.289897925531915e-12,6.2899735e-12,6.289756030612244e-12,6.289831420000001e-12
19,340,5.034495e-12,5.04026125e-12,5.042183333333334e-12,5.0431443749999996e-12,5.0414145e-12,5.042183333333334e-12,5.0427325e-12,5.0431443749999996e-12,5.042183333333334e-12,5.0425677499999995e-12,5.042882272727272e-12,5.0431443749999996e-12,5.042479038461538e-12,5.0427325e-12,5.0429521666666675e-12,5.0431443749999996e-12,5.042635588235294e-12,5.042824027777778e-12,5.042992631578947e-12,5.043144375e-12,5.042732499999999e-12,5.042882272727272e-12,5.04301902173913e-12,5.0431443749999996e-12,5.0427984e-12,5.042922596153846e-12,5.043037592592593e-12,5.0431443749999996e-12,5.042846120689655e-12,5.0429521666666675e-12,5.043051370967742e-12,5.0431443749999996e-12,5.042882272727272e-12,5.042974779411765e-12,5.043062e-12,5.043144375e-12,5.042910608108108e-12,5.042992631578947e-12,5.043070448717948e-12,5.043144375e-12,5.042933414634146e-12,5.043007083333334e-12,5.043077325581395e-12,5.043144375e-12,5.042952166666667e-12,5.04301902173913e-12,5.0430830319148936e-12,5.0431443749999996e-12,5.0429678571428575e-12,5.04302905e-12
20,350,4.0562525e-12,4.06095275e-12,4.0625195e-12,4.063302875e-12,4.0618928e-12,4.0625195e-12,4.062967142857142e-12,4.063302875e-12,4.0625195e-12,4.06283285e-12,4.063089227272727e-12,4.063302875e-12,4.062760538461539e-12,4.062967142857142e-12,4.0631462e-12,4.063302875e-12,4.062888147058824e-12,4.06304175e-12,4.063179184210526e-12,4.0633028749999995e-12,4.062967142857143e-12,4.063089227272727e-12,4.063200695652174e-12,4.063302875e-12,4.0630208599999996e-12,4.063122096153846e-12,4.0632158333333335e-12,4.063302875e-12,4.0630597586206895e-12,4.0631462e-12,4.063227064516129e-12,4.063302875e-12,4.063089227272727e-12,4.0631646323529414e-12,4.0632357285714285e-12,4.0633028749999995e-12,4.063112324324324e-12,4.063179184210526e-12,4.063242615384615e-12,4.0633028749999995e-12,4.063130914634146e-12,4.063190964285715e-12,4.063248220930233e-12,4.063302875e-12,4.0631461999999995e-12,4.063200695652174e-12,4.063252872340426e-12,4.063302875e-12,4.063158989795919e-12,4.06320887e-12
21,360,3.2829195e-12,3.28676125e-12,3.2880418333333338e-12,3.288682125e-12,3.2875296e-12,3.2880418333333338e-12,3.288407714285714e-12,3.288682125e-12,3.2880418333333334e-12,3.28829795e-12,3.2885075e-12,3.2886821249999997e-12,3.288238846153846e-12,3.288407714285714e-12,3.2885540666666667e-12,3.288682125e-12,3.288343147058823e-12,3.2884686944444443e-12,3.2885810263157894e-12,3.288682125e-12,3.2884077142857145e-12,3.2885075e-12,3.2885986086956525e-12,3.2886821249999997e-12,3.28845162e-12,3.2885343653846155e-12,3.2886109814814817e-12,3.2886821249999997e-12,3.2884834137931035e-12,3.2885540666666667e-12,3.288620161290323e-12,3.288682125e-12,3.2885075e-12,3.2885691323529412e-12,3.288627242857143e-12,3.288682125e-12,3.2885263783783783e-12,3.2885810263157894e-12,3.2886328717948718e-12,3.288682125e-12,3.288541573170732e-12,3.288590654761905e-12,3.2886374534883723e-12,3.288682125e-12,3.2885540666666667e-12,3.2885986086956525e-12,3.2886412553191485e-12,3.2886821249999997e-12,3.2885645204081634e-12,3.28860529e-12
22,370,2.6681679999999996e-12,2.67132025e-12,2.672371e-12,2.672896375e-12,2.6719506999999997e-12,2.672371e-12,2.6726712142857146e-12,2.672896375e-12,2.672371e-12,2.6725811499999998e-12,2.672753090909091e-12,2.672896375e-12,2.672532653846154e-12,2.6726712142857146e-12,2.6727913e-12,2.672896375e-12,2.672618235294118e-12,2.67272125e-12,2.6728134210526317e-12,2.672896375e-12,2.672671214285714e-12,2.672753090909091e-12,2.672827847826087e-12,2.672896375e-12,2.67270724e-12,2.6727751346153844e-12,2.6728380000000002e-12,2.672896375e-12,2.672733327586207e-12,2.6727913e-12,2.672845532258065e-12,2.672896375e-12,2.672753090909091e-12,2.672803661764706e-12,2.672851342857143e-12,2.672896375e-12,2.6727685810810814e-12,2.6728134210526317e-12,2.6728559615384616e-12,2.672896375e-12,2.672781048780488e-12,2.6728213214285712e-12,2.6728597209302324e-12,2.672896375e-12,2.6727913e-12,2.672827847826087e-12,2.6728628404255322e-12,2.672896375e-12,2.67279987755102e-12,2.67283333e-12
23,380,2.1769325e-12,2.1795225e-12,2.1803858333333335e-12,2.1808175e-12,2.1800405e-12,2.1803858333333335e-12,2.1806325e-12,2.1808175e-12,2.180385833333333e-12,2.1805585e-12,2.1806997727272725e-12,2.1808175e-12,2.1805186538461537e-12,2.1806325e-12,2.1807311666666667e-12,2.1808175e-12,2.1805889705882353e-12,2.180673611111111e-12,2.180749342105263e-12,2.1808174999999998e-12,2.1806325e-12,2.1806997727272725e-12,2.180761195652174e-12,2.1808175e-12,2.1806621e-12,2.1807178846153845e-12,2.1807695370370373e-12,2.1808174999999998e-12,2.1806835344827585e-12,2.1807311666666667e-12,2.1807757258064517e-12,2.1808175e-12,2.1806997727272725e-12,2.1807413235294116e-12,2.1807805e-12,2.1808175e-12,2.1807125e-12,2.180749342105263e-12,2.180784294871795e-12,2.1808174999999998e-12,2.180722743902439e-12,2.1807558333333334e-12,2.18078738372093e-12,2.1808174999999998e-12,2.1807311666666667e-12,2.180761195652174e-12,2.1807899468085106e-12,2.1808175e-12,2.180738214285714e-12,2.1807656999999997e-12
24,390,1.7824855e-12,1.7846207500000002e-12,1.7853325e-12,1.7856883750000001e-12,1.7850478e-12,1.7853325e-12,1.785535857142857e-12,1.7856883750000001e-12,1.7853325e-12,1.7854748499999998e-12,1.785591318181818e-12,1.7856883750000001e-12,1.785442e-12,1.785535857142857e-12,1.7856172e-12,1.7856883750000001e-12,1.7854999705882352e-12,1.78556975e-12,1.7856321842105262e-12,1.785688375e-12,1.7855358571428572e-12,1.785591318181818e-12,1.7856419565217391e-12,1.7856883750000001e-12,1.78556026e-12,1.7856062500000002e-12,1.7856488333333332e-12,1.7856883750000001e-12,1.7855779310344827e-12,1.7856172e-12,1.7856539354838709e-12,1.7856883750000001e-12,1.7855913181818182e-12,1.7856255735294118e-12,1.7856578714285712e-12,1.785688375e-12,1.7856018108108108e-12,1.7856321842105262e-12,1.785661e-12,1.785688375e-12,1.785610256097561e-12,1.7856375357142857e-12,1.785663546511628e-12,1.7856883750000001e-12,1.7856171999999998e-12,1.7856419565217391e-12,1.785665659574468e-12,1.7856883750000001e-12,1.7856230102040816e-12,1.78564567e-12
25,400,1.4643255e-12,1.466095e-12,1.4666848333333335e-12,1.46697975e-12,1.4664489e-12,1.4666848333333335e-12,1.4668533571428571e-12,1.46697975e-12,1.4666848333333335e-12,1.4668028e-12,1.4668993181818181e-12,1.46697975e-12,1.4667755769230768e-12,1.4668533571428571e-12,1.4669207666666667e-12,1.46697975e-12,1.4668236176470587e-12,1.4668814444444445e-12,1.4669331842105264e-12,1.46697975e-12,1.4668533571428571e-12,1.4668993181818181e-12,1.4669412826086958e-12,1.46697975e-12,1.46687358e-12,1.4669116923076923e-12,1.4669469814814815e-12,1.4669797500000001e-12,1.466888224137931e-12,1.4669207666666667e-12,1.4669512096774192e-12,1.46697975e-12,1.4668993181818181e-12,1.466927705882353e-12,1.4669544714285715e-12,1.4669797500000001e-12,1.4669080135135135e-12,1.4669331842105264e-12,1.466957064102564e-12,1.46697975e-12,1.4669150121951219e-12,1.466937619047619e-12,1.4669591744186047e-12,1.4669797500000001e-12,1.4669207666666667e-12,1.4669412826086958e-12,1.4669609255319149e-12,1.46697975e-12,1.466925581632653e-12,1.46694436e-12
26,410,1.2066305e-12,1.2080915e-12,1.2085785e-12,1.208822e-12,1.2083837e-12,1.2085785e-12,1.208717642857143e-12,1.208822e-12,1.2085785e-12,1.2086759e-12,1.2087555909090909e-12,1.208822e-12,1.208653423076923e-12,1.208717642857143e-12,1.2087733e-12,1.208822e-12,1.2086930882352942e-12,1.2087408333333334e-12,1.2087835526315788e-12,1.208822e-12,1.208717642857143e-12,1.2087555909090909e-12,1.2087902391304349e-12,1.208822e-12,1.20873434e-12,1.2087658076923076e-12,1.2087949444444445e-12,1.2088219999999998e-12,1.2087464310344827e-12,1.2087733e-12,1.2087984354838708e-12,1.208822e-12,1.2087555909090909e-12,1.2087790294117646e-12,1.2088011285714287e-12,1.208822e-12,1.2087627702702703e-12,1.2087835526315788e-12,1.2088032692307694e-12,1.208822e-12,1.2087685487804879e-12,1.2087872142857143e-12,1.208805011627907e-12,1.208822e-12,1.2087733e-12,1.2087902391304349e-12,1.2088064574468085e-12,1.208822e-12,1.208777275510204e-12,1.20879278e-12
27,420,9.9709635e-13,9.98310275e-13,9.987149166666666e-13,9.989172375e-13,9.9855306e-13,9.987149166666666e-13,9.988305285714284e-13,9.989172375e-13,9.987149166666668e-13,9.987958450000001e-13,9.98862059090909e-13,9.989172375e-13,9.987771692307693e-13,9.988305285714284e-13,9.988767733333333e-13,9.989172375e-13,9.988101264705883e-13,9.988497972222221e-13,9.988852921052631e-13,9.989172375e-13,9.988305285714286e-13,9.98862059090909e-13,9.988908478260868e-13,9.989172375e-13,9.98844402e-13,9.98870548076923e-13,9.988947574074073e-13,9.989172375e-13,9.98854448275862e-13,9.988767733333333e-13,9.988976580645162e-13,9.989172375e-13,9.988620590909092e-13,9.988815338235295e-13,9.988998957142856e-13,9.989172375e-13,9.988680243243243e-13,9.988852921052631e-13,9.989016743589743e-13,9.989172375e-13,9.98872825609756e-13,9.988883345238095e-13,9.989031220930233e-13,9.989172375e-13,9.988767733333333e-13,9.988908478260868e-13,9.989043234042553e-13,9.989172375e-13,9.988800765306122e-13,9.98892959e-13
28,430,8.261154e-13,8.27124775e-13,8.274612333333333e-13,8.276294625e-13,8.273266500000001e-13,8.274612333333333e-13,8.275573642857144e-13,8.276294625e-13,8.274612333333333e-13,8.27528525e-13,8.275835818181818e-13,8.276294625e-13,8.275129961538462e-13,8.275573642857144e-13,8.275958166666666e-13,8.276294625e-13,8.275404000000001e-13,8.275733861111112e-13,8.276029e-13,8.276294625e-13,8.275573642857143e-13,8.275835818181818e-13,8.276075195652173e-13,8.276294625e-13,8.275688999999999e-13,8.275906403846154e-13,8.276107703703704e-13,8.276294625e-13,8.275772534482758e-13,8.275958166666666e-13,8.276131822580645e-13,8.276294625e-13,8.275835818181817e-13,8.27599775e-13,8.276150428571429e-13,8.276294625e-13,8.275885418918918e-13,8.276029e-13,8.276165217948718e-13,8.276294625e-13,8.275925341463414e-13,8.276054297619047e-13,8.276177255813953e-13,8.276294625e-13,8.275958166666666e-13,8.276075195652173e-13,8.276187244680851e-13,8.276294625e-13,8.275985632653062e-13,8.276092749999999e-13
29,440,6.8613345e-13,6.8697445e-13,6.872547833333333e-13,6.8739495e-13,6.8714265e-13,6.872547833333333e-13,6.873348785714286e-13,6.8739495e-13,6.872547833333334e-13,6.8731085e-13,6.873567227272727e-13,6.8739495e-13,6.872979115384615e-13,6.873348785714286e-13,6.873669166666666e-13,6.8739495e-13,6.87320744117647e-13,6.873482277777777e-13,6.873728184210526e-13,6.8739495e-13,6.873348785714286e-13,6.873567227272727e-13,6.873766673913044e-13,6.8739495e-13,6.8734449e-13,6.873626038461539e-13,6.873793759259259e-13,6.873949499999999e-13,6.8735145e-13,6.873669166666666e-13,6.87381385483871e-13,6.8739495e-13,6.873567227272727e-13,6.873702147058824e-13,6.873829357142857e-13,6.8739495e-13,6.873608554054054e-13,6.873728184210526e-13,6.873841679487179e-13,6.8739495e-13,6.873641817073171e-13,6.873749261904762e-13,6.873851709302325e-13,6.8739495e-13,6.873669166666667e-13,6.873766673913044e-13,6.873860031914894e-13,6.8739495e-13,6.873692051020408e-13,6.8737813e-13
30,450,5.7118265e-13,5.718845000000001e-13,5.7211845e-13,5.722354250000001e-13,5.720248700000001e-13,5.7211845e-13,5.721852928571429e-13,5.722354250000001e-13,5.7211845e-13,5.7216524e-13,5.722035227272727e-13,5.72235425e-13,5.721544423076923e-13,5.721852928571429e-13,5.722120299999999e-13,5.722354250000001e-13,5.721734970588236e-13,5.721964333333333e-13,5.722169552631579e-13,5.72235425e-13,5.721852928571429e-13,5.722035227272727e-13,5.722201673913044e-13,5.72235425e-13,5.721933140000001e-13,5.722084307692307e-13,5.722224277777778e-13,5.72235425e-13,5.721991224137931e-13,5.722120299999999e-13,5.722241048387097e-13,5.722354250000001e-13,5.722035227272726e-13,5.722147823529411e-13,5.722253985714285e-13,5.72235425e-13,5.722069716216216e-13,5.722169552631579e-13,5.72226426923077e-13,5.72235425e-13,5.722097475609756e-13,5.722187142857142e-13,5.722272639534883e-13,5.72235425e-13,5.7221203e-13,5.722201673913044e-13,5.722279585106384e-13,5.72235425e-13,5.722139397959184e-13,5.722213879999999e-13
31,460,4.7652285e-13,4.771103e-13,4.773061166666667e-13,4.77404025e-13,4.7722779e-13,4.773061166666667e-13,4.773620642857143e-13,4.77404025e-13,4.773061166666667e-13,4.7734528e-13,4.773773227272728e-13,4.77404025e-13,4.773362423076923e-13,4.773620642857143e-13,4.773844433333334e-13,4.77404025e-13,4.773521911764706e-13,4.773713888888889e-13,4.773885657894737e-13,4.77404025e-13,4.773620642857143e-13,4.773773227272728e-13,4.773912543478261e-13,4.77404025e-13,4.77368778e-13,4.773814307692307e-13,4.773931462962963e-13,4.774040250000001e-13,4.773736396551724e-13,4.773844433333334e-13,4.7739455e-13,4.77404025e-13,4.773773227272727e-13,4.773867470588235e-13,4.773956328571428e-13,4.77404025e-13,4.773802094594595e-13,4.773885657894737e-13,4.773964935897436e-13,4.77404025e-13,4.773825329268293e-13,4.773900380952381e-13,4.773971941860465e-13,4.774040250000001e-13,4.773844433333333e-13,4.773912543478261e-13,4.773977755319149e-13,4.77404025e-13,4.773860418367347e-13,4.77392276e-13
32,470,3.9837194999999996e-13,3.98864075e-13,3.9902811666666666e-13,3.991101375e-13,3.9896250000000003e-13,3.9902811666666666e-13,3.990749857142857e-13,3.991101375e-13,3.9902811666666666e-13,3.99060925e-13,3.990877681818182e-13,3.9911013750000003e-13,3.9905335384615384e-13,3.990749857142857e-13,3.9909373333333334e-13,3.991101375e-13,3.9906671470588234e-13,3.9908279722222224e-13,3.990971868421053e-13,3.9911013750000003e-13,3.990749857142857e-13,3.990877681818182e-13,3.990994391304348e-13,3.9911013750000003e-13,3.9908061000000003e-13,3.990912096153846e-13,3.9910102407407407e-13,3.991101375e-13,3.990846827586207e-13,3.9909373333333334e-13,3.9910220000000004e-13,3.991101375e-13,3.9908776818181814e-13,3.9909566323529415e-13,3.991031071428571e-13,3.9911013750000003e-13,3.990901864864865e-13,3.990971868421053e-13,3.991038282051282e-13,3.9911013750000003e-13,3.990921329268293e-13,3.9909842023809523e-13,3.991044151162791e-13,3.991101375e-13,3.9909373333333334e-13,3.990994391304348e-13,3.991049021276596e-13,3.9911013750000003e-13,3.9909507244897956e-13,3.99100295e-13
33,480,3.3369744999999997e-13,3.34110475e-13,3.3424814999999996e-13,3.343169875e-13,3.3419307999999996e-13,3.3424814999999996e-13,3.3428748571428573e-13,3.343169875e-13,3.3424815e-13,3.3427568500000003e-13,3.3429821363636363e-13,3.343169875e-13,3.3426933076923077e-13,3.3428748571428573e-13,3.3430322e-13,3.343169875e-13,3.34280544117647e-13,3.3429404166666666e-13,3.343061184210526e-13,3.343169875e-13,3.3428748571428573e-13,3.3429821363636363e-13,3.3430800869565215e-13,3.343169875e-13,3.34292206e-13,3.343011019230769e-13,3.343093388888889e-13,3.343169875e-13,3.342956241379311e-13,3.3430322e-13,3.343103258064516e-13,3.343169875e-13,3.342982136363637e-13,3.3430483970588235e-13,3.3431108714285713e-13,3.343169875e-13,3.343002432432432e-13,3.343061184210526e-13,3.343116923076923e-13,3.343169875e-13,3.3430187682926824e-13,3.3430715357142857e-13,3.3431218488372094e-13,3.343169875e-13,3.3430322e-13,3.3430800869565215e-13,3.3431259361702127e-13,3.343169875e-13,3.34304343877551e-13,3.3430872699999997e-13
34,490,2.80057e-13,2.8040425000000003e-13,2.8052e-13,2.80577875e-13,2.804737e-13,2.8052e-13,2.8055307142857143e-13,2.80577875e-13,2.8052e-13,2.8054315000000004e-13,2.805620909090909e-13,2.8057787500000004e-13,2.8053780769230767e-13,2.8055307142857143e-13,2.8056629999999997e-13,2.80577875e-13,2.8054723529411764e-13,2.8055858333333334e-13,2.8056873684210527e-13,2.8057787500000004e-13,2.8055307142857143e-13,2.805620909090909e-13,2.805703260869565e-13,2.8057787500000004e-13,2.8055704e-13,2.805645192307692e-13,2.8057144444444444e-13,2.80577875e-13,2.8055991379310344e-13,2.8056629999999997e-13,2.805722741935484e-13,2.80577875e-13,2.805620909090909e-13,2.805676617647059e-13,2.8057291428571427e-13,2.80577875e-13,2.805637972972973e-13,2.8056873684210527e-13,2.8057342307692306e-13,2.8057787500000004e-13,2.805651707317073e-13,2.8056960714285717e-13,2.805738372093023e-13,2.80577875e-13,2.805663e-13,2.805703260869565e-13,2.8057418085106385e-13,2.8057787500000004e-13,2.805672448979592e-13,2.8057093e-13
35,500,2.35477e-13,2.35769925e-13,2.3586756666666666e-13,2.359163875e-13,2.3582851e-13,2.3586756666666666e-13,2.358954642857143e-13,2.359163875e-13,2.3586756666666666e-13,2.3588709499999997e-13,2.3590307272727274e-13,2.359163875e-13,2.3588258846153847e-13,2.358954642857143e-13,2.359066233333334e-13,2.359163875e-13,2.358905411764706e-13,2.359001138888889e-13,2.3590867894736843e-13,2.359163875e-13,2.358954642857143e-13,2.3590307272727274e-13,2.359100195652174e-13,2.359163875e-13,2.3589881199999997e-13,2.359051211538462e-13,2.3591096296296295e-13,2.359163875e-13,2.359012362068965e-13,2.359066233333334e-13,2.359116629032258e-13,2.359163875e-13,2.3590307272727274e-13,2.359077720588235e-13,2.359122028571429e-13,2.359163875e-13,2.3590451216216217e-13,2.3590867894736843e-13,2.3591263205128205e-13,2.359163875e-13,2.3590567073170733e-13,2.359094130952381e-13,2.3591298139534883e-13,2.359163875e-13,2.359066233333333e-13,2.359100195652174e-13,2.3591327127659574e-13,2.359163875e-13,2.359074204081633e-13,2.3591052900000003e-13
36,510,1.9835710000000002e-13,1.9860422500000002e-13,1.986866e-13,1.987277875e-13,1.9865365e-13,1.986866e-13,1.987101357142857e-13,1.987277875e-13,1.9868660000000002e-13,1.9870307499999998e-13,1.9871655454545454e-13,1.987277875e-13,1.9869927307692308e-13,1.987101357142857e-13,1.9871955e-13,1.987277875e-13,1.9870598235294116e-13,1.9871405833333335e-13,1.9872128421052633e-13,1.9872778749999999e-13,1.987101357142857e-13,1.9871655454545454e-13,1.9872241521739132e-13,1.987277875e-13,1.9871296e-13,1.987182826923077e-13,1.987232111111111e-13,1.987277875e-13,1.987150051724138e-13,1.9871955e-13,1.9872380161290322e-13,1.987277875e-13,1.9871655454545454e-13,1.9872051911764705e-13,1.9872425714285715e-13,1.987277875e-13,1.987177689189189e-13,1.9872128421052633e-13,1.9872461923076922e-13,1.9872778749999999e-13,1.987187463414634e-13,1.9872190357142858e-13,1.9872491395348838e-13,1.9872778749999999e-13,1.9871955e-13,1.9872241521739132e-13,1.9872515851063828e-13,1.987277875e-13,1.987202224489796e-13,1.98722845e-13
37,520,1.6739365e-13,1.67602775e-13,1.6767248333333333e-13,1.677073375e-13,1.6764459999999999e-13,1.6767248333333333e-13,1.6769239999999999e-13,1.677073375e-13,1.6767248333333333e-13,1.67686425e-13,1.6769783181818182e-13,1.677073375e-13,1.676832076923077e-13,1.6769239999999999e-13,1.6770036666666666e-13,1.677073375e-13,1.6768888529411765e-13,1.6769571944444444e-13,1.677018342105263e-13,1.6770733749999998e-13,1.6769239999999999e-13,1.6769783181818182e-13,1.6770279130434783e-13,1.677073375e-13,1.6769479e-13,1.6769929423076922e-13,1.6770346481481482e-13,1.677073375e-13,1.676965206896552e-13,1.6770036666666666e-13,1.6770396451612905e-13,1.677073375e-13,1.6769783181818182e-13,1.6770118676470587e-13,1.6770435e-13,1.6770733749999998e-13,1.6769885945945947e-13,1.677018342105263e-13,1.6770465641025642e-13,1.6770733749999998e-13,1.6769968658536584e-13,1.6770235833333334e-13,1.6770490581395347e-13,1.677073375e-13,1.6770036666666666e-13,1.6770279130434783e-13,1.6770511276595743e-13,1.677073375e-13,1.677009357142857e-13,1.67703155e-13
38,530,1.4152275e-13,1.41700075e-13,1.4175918333333334e-13,1.417887375e-13,1.4173554e-13,1.4175918333333334e-13,1.4177607142857143e-13,1.417887375e-13,1.4175918333333334e-13,1.41771005e-13,1.4178067727272726e-13,1.417887375e-13,1.4176827692307694e-13,1.4177607142857143e-13,1.4178282666666667e-13,1.417887375e-13,1.417730911764706e-13,1.417788861111111e-13,1.4178407105263157e-13,1.417887375e-13,1.4177607142857143e-13,1.4178067727272726e-13,1.4178488260869567e-13,1.417887375e-13,1.41778098e-13,1.417819173076923e-13,1.417854537037037e-13,1.417887375e-13,1.4177956551724138e-13,1.4178282666666667e-13,1.4178587741935482e-13,1.417887375e-13,1.417806772727273e-13,1.4178352205882354e-13,1.4178620428571428e-13,1.417887375e-13,1.4178154864864864e-13,1.4178407105263157e-13,1.417864641025641e-13,1.417887375e-13,1.4178225e-13,1.4178451547619047e-13,1.4178667558139533e-13,1.417887375e-13,1.4178282666666667e-13,1.4178488260869567e-13,1.417868510638298e-13,1.417887375e-13,1.4178330918367348e-13,1.41785191e-13
39,540,1.1987165000000002e-13,1.2002247500000002e-13,1.2007275e-13,1.200978875e-13,1.2005263999999998e-13,1.2007275e-13,1.2008711428571429e-13,1.200978875e-13,1.2007275e-13,1.20082805e-13,1.200910318181818e-13,1.200978875e-13,1.2008048461538463e-13,1.2008711428571429e-13,1.2009286e-13,1.200978875e-13,1.200845794117647e-13,1.2008950833333335e-13,1.2009391842105264e-13,1.200978875e-13,1.2008711428571429e-13,1.200910318181818e-13,1.2009460869565218e-13,1.200978875e-13,1.20088838e-13,1.2009208653846155e-13,1.2009509444444444e-13,1.200978875e-13,1.2009008620689655e-13,1.2009286e-13,1.2009545483870968e-13,1.200978875e-13,1.200910318181818e-13,1.2009345147058823e-13,1.2009573285714286e-13,1.200978875e-13,1.2009177297297297e-13,1.2009391842105264e-13,1.2009595384615384e-13,1.200978875e-13,1.200923695121951e-13,1.2009429642857142e-13,1.2009613372093023e-13,1.200978875e-13,1.2009286e-13,1.2009460869565218e-13,1.2009628297872338e-13,1.200978875e-13,1.2009327040816327e-13,1.2009487099999998e-13
40,550,1.0172533499999999e-13,1.0185404999999999e-13,1.0189695499999999e-13,1.0191840750000001e-13,1.0187979300000001e-13,1.0189695499999999e-13,1.0190921357142858e-13,1.0191840750000001e-13,1.01896955e-13,1.01905536e-13,1.0191255681818183e-13,1.019184075e-13,1.0190355576923077e-13,1.0190921357142858e-13,1.01914117e-13,1.0191840750000001e-13,1.0190705029411766e-13,1.0191125666666666e-13,1.019150202631579e-13,1.019184075e-13,1.0190921357142858e-13,1.0191255681818183e-13,1.019156093478261e-13,1.019184075e-13,1.019106846e-13,1.0191345692307692e-13,1.0191602388888888e-13,1.019184075e-13,1.019117498275862e-13,1.01914117e-13,1.019163314516129e-13,1.0191840750000001e-13,1.0191255681818182e-13,1.0191462176470588e-13,1.0191656871428571e-13,1.0191840750000001e-13,1.0191318932432433e-13,1.019150202631579e-13,1.019167573076923e-13,1.019184075e-13,1.0191369841463415e-13,1.0191534285714285e-13,1.0191691081395348e-13,1.019184075e-13,1.01914117e-13,1.019156093478261e-13,1.0191703819148936e-13,1.019184075e-13,1.0191446724489797e-13,1.0191583319999999e-13
41,560,8.6494485e-14,8.660434999999999e-14,8.664097166666667e-14,8.665928249999999e-14,8.6626323e-14,8.664097166666667e-14,8.6651435e-14,8.665928249999999e-14,8.664097166666667e-14,8.6648296e-14,8.665428863636363e-14,8.665928249999999e-14,8.664660576923078e-14,8.6651435e-14,8.665562033333333e-14,8.665928249999999e-14,8.664958852941176e-14,8.66531788888889e-14,8.665639131578947e-14,8.665928249999999e-14,8.6651435e-14,8.665428863636363e-14,8.665689413043479e-14,8.665928249999999e-14,8.66526906e-14,8.665505692307692e-14,8.665724796296295e-14,8.66592825e-14,8.66535998275862e-14,8.665562033333333e-14,8.665751048387097e-14,8.665928249999999e-14,8.665428863636364e-14,8.665605117647059e-14,8.6657713e-14,8.66592825e-14,8.665482851351352e-14,8.665639131578947e-14,8.665787397435898e-14,8.665928249999999e-14,8.665526304878049e-14,8.665666666666667e-14,8.6658005e-14,8.66592825e-14,8.665562033333333e-14,8.665689413043479e-14,8.665811372340426e-14,8.665928249999999e-14,8.665591928571428e-14,8.66570852e-14
42,570,7.3692335e-14,7.378647499999999e-14,7.3817855e-14,7.383354500000001e-14,7.3805303e-14,7.3817855e-14,7.382682071428572e-14,7.383354500000001e-14,7.3817855e-14,7.3824131e-14,7.382926590909092e-14,7.3833545e-14,7.382268269230769e-14,7.382682071428572e-14,7.3830407e-14,7.383354500000001e-14,7.382523852941176e-14,7.382831499999999e-14,7.383106763157896e-14,7.3833545e-14,7.382682071428571e-14,7.382926590909092e-14,7.383149847826088e-14,7.3833545e-14,7.38278966e-14,7.382992423076923e-14,7.383180166666666e-14,7.3833545e-14,7.382867568965518e-14,7.3830407e-14,7.383202661290322e-14,7.383354500000001e-14,7.38292659090909e-14,7.38307761764706e-14,7.383220014285714e-14,7.3833545e-14,7.382972851351351e-14,7.383106763157896e-14,7.383233807692307e-14,7.3833545e-14,7.383010085365854e-14,7.383130357142857e-14,7.383245034883721e-14,7.3833545e-14,7.3830407e-14,7.383149847826088e-14,7.38325435106383e-14,7.3833545e-14,7.38306631632653e-14,7.38316622e-14
43,580,6.291701e-14,6.299792750000001e-14,6.30249e-14,6.303838625000001e-14,6.3014111e-14,6.30249e-14,6.303260642857143e-14,6.303838625000001e-14,6.302490000000001e-14,6.30302945e-14,6.303470818181818e-14,6.303838625e-14,6.302904961538462e-14,6.303260642857143e-14,6.3035689e-14,6.303838625000001e-14,6.303124647058823e-14,6.303389083333334e-14,6.303625684210526e-14,6.303838625000001e-14,6.303260642857143e-14,6.303470818181818e-14,6.303662717391304e-14,6.303838625e-14,6.30335312e-14,6.303527403846153e-14,6.303688777777778e-14,6.303838625000001e-14,6.303420086206896e-14,6.3035689e-14,6.303708112903225e-14,6.303838625000001e-14,6.303470818181818e-14,6.303600632352942e-14,6.303723028571428e-14,6.303838625e-14,6.303510581081082e-14,6.303625684210526e-14,6.303734884615385e-14,6.303838625000001e-14,6.303542585365853e-14,6.303645964285714e-14,6.303744534883721e-14,6.303838625e-14,6.3035689e-14,6.303662717391304e-14,6.303752542553192e-14,6.303838625e-14,6.303590918367346e-14,6.303676790000001e-14
44,590,5.3835445e-14,5.390521e-14,5.3928464999999996e-14,5.39400925e-14,5.3919163e-14,5.3928464999999996e-14,5.3935109285714286e-14,5.39400925e-14,5.3928465e-14,5.3933116e-14,5.3936921363636365e-14,5.3940092499999994e-14,5.3932042692307696e-14,5.3935109285714286e-14,5.3937767e-14,5.39400925e-14,5.3933936764705885e-14,5.393621666666667e-14,5.3938256578947366e-14,5.39400925e-14,5.3935109285714286e-14,5.3936921363636365e-14,5.393857586956521e-14,5.3940092499999994e-14,5.39359066e-14,5.393740923076923e-14,5.3938800555555554e-14,5.394009250000001e-14,5.393648396551724e-14,5.3937767e-14,5.3938967258064515e-14,5.39400925e-14,5.3936921363636365e-14,5.393804058823529e-14,5.3939095857142857e-14,5.39400925e-14,5.393726418918919e-14,5.3938256578947366e-14,5.393919807692308e-14,5.39400925e-14,5.3937540121951216e-14,5.3938431428571425e-14,5.393928127906977e-14,5.3940092499999994e-14,5.3937767000000006e-14,5.393857586956521e-14,5.393935031914894e-14,5.3940092499999994e-14,5.39379568367347e-14,5.3938697199999996e-14
